2025-12-15 12:43:17,638 - __main__ - INFO - ✅ Error handling middleware enabled
2025-12-15 12:43:17,639 - __main__ - INFO - ✅ CORS configured for origins: http://localhost:3000, http://127.0.0.1:5173, https://aireceptionist-lake.vercel.app, http://localhost:5173, https://aireceptionist-lake.vercel.app/, http://127.0.0.1:3000
2025-12-15 12:43:17,925 - services.twilio_service - INFO - Twilio service initialized
2025-12-15 12:43:18,090 - services.stripe_service - INFO - 🧪 STRIPE MOCK MODE ENABLED - No real charges will be made
2025-12-15 12:43:18,095 - services.mock_stripe_service - INFO - 🧪 MockStripeService initialized - NO REAL CHARGES WILL BE MADE
2025-12-15 12:43:22,696 - __main__ - INFO - Starting server on http://0.0.0.0:8000
2025-12-15 12:43:25,305 - watchfiles.main - INFO - 1 change detected
2025-12-15 12:43:25,657 - watchfiles.main - INFO - 2 changes detected
2025-12-15 12:43:25,678 - __mp_main__ - INFO - ✅ Error handling middleware enabled
2025-12-15 12:43:25,678 - __mp_main__ - INFO - ✅ CORS configured for origins: http://localhost:3000, http://localhost:5173, http://127.0.0.1:5173, https://aireceptionist-lake.vercel.app/, http://127.0.0.1:3000, https://aireceptionist-lake.vercel.app
2025-12-15 12:43:25,851 - services.twilio_service - INFO - Twilio service initialized
2025-12-15 12:43:25,951 - services.stripe_service - INFO - 🧪 STRIPE MOCK MODE ENABLED - No real charges will be made
2025-12-15 12:43:25,952 - services.mock_stripe_service - INFO - 🧪 MockStripeService initialized - NO REAL CHARGES WILL BE MADE
2025-12-15 12:43:26,008 - watchfiles.main - INFO - 2 changes detected
2025-12-15 12:43:26,360 - watchfiles.main - INFO - 2 changes detected
2025-12-15 12:43:26,711 - watchfiles.main - INFO - 2 changes detected
2025-12-15 12:43:27,062 - watchfiles.main - INFO - 2 changes detected
2025-12-15 12:43:27,414 - watchfiles.main - INFO - 2 changes detected
2025-12-15 12:43:27,766 - watchfiles.main - INFO - 2 changes detected
2025-12-15 12:43:28,118 - watchfiles.main - INFO - 2 changes detected
2025-12-15 12:43:28,469 - watchfiles.main - INFO - 2 changes detected
2025-12-15 12:43:28,799 - main - INFO - ✅ Error handling middleware enabled
2025-12-15 12:43:28,799 - main - INFO - ✅ CORS configured for origins: http://localhost:3000, http://localhost:5173, http://127.0.0.1:5173, https://aireceptionist-lake.vercel.app/, http://127.0.0.1:3000, https://aireceptionist-lake.vercel.app
2025-12-15 12:43:28,821 - watchfiles.main - INFO - 2 changes detected
2025-12-15 12:43:28,910 - main - INFO - 🚀 Starting AI Receptionist application...
2025-12-15 12:43:28,910 - database.mongo_config - INFO - Connecting to MongoDB at mongodb://localhost:27017/ai_barber_receptionist
2025-12-15 12:43:28,953 - database.mongo_config - INFO - ✅ Successfully connected to MongoDB database: ai_barber_receptionist
2025-12-15 12:43:28,977 - database.mongo_config - INFO - ✅ Database indexes created successfully
2025-12-15 12:43:28,977 - main - INFO - ✅ Error logging system initialized
2025-12-15 12:43:28,978 - main - INFO - ✅ Application startup complete!
2025-12-15 12:43:29,172 - watchfiles.main - INFO - 2 changes detected
2025-12-15 12:43:29,524 - watchfiles.main - INFO - 2 changes detected
2025-12-15 12:43:29,875 - watchfiles.main - INFO - 2 changes detected
2025-12-15 12:43:30,227 - watchfiles.main - INFO - 2 changes detected
2025-12-15 12:43:30,580 - watchfiles.main - INFO - 2 changes detected
2025-12-15 12:43:30,933 - watchfiles.main - INFO - 2 changes detected
2025-12-15 12:43:31,284 - watchfiles.main - INFO - 2 changes detected
2025-12-15 12:43:31,635 - watchfiles.main - INFO - 2 changes detected
2025-12-15 12:43:31,986 - watchfiles.main - INFO - 2 changes detected
2025-12-15 12:43:32,337 - watchfiles.main - INFO - 2 changes detected
2025-12-15 12:43:32,689 - watchfiles.main - INFO - 2 changes detected
2025-12-15 12:43:33,040 - watchfiles.main - INFO - 2 changes detected
2025-12-15 12:43:33,392 - watchfiles.main - INFO - 2 changes detected
2025-12-15 12:43:33,743 - watchfiles.main - INFO - 2 changes detected
2025-12-15 12:43:34,094 - watchfiles.main - INFO - 2 changes detected
2025-12-15 12:43:34,446 - watchfiles.main - INFO - 2 changes detected
2025-12-15 12:43:34,798 - watchfiles.main - INFO - 2 changes detected
2025-12-15 12:43:35,150 - watchfiles.main - INFO - 2 changes detected
2025-12-15 12:43:35,502 - watchfiles.main - INFO - 2 changes detected
2025-12-15 12:43:35,854 - watchfiles.main - INFO - 2 changes detected
2025-12-15 12:43:36,206 - watchfiles.main - INFO - 2 changes detected
2025-12-15 12:43:36,558 - watchfiles.main - INFO - 2 changes detected
2025-12-15 12:43:36,909 - watchfiles.main - INFO - 2 changes detected
2025-12-15 12:43:37,260 - watchfiles.main - INFO - 2 changes detected
2025-12-15 12:43:37,616 - watchfiles.main - INFO - 2 changes detected
2025-12-15 12:43:37,967 - watchfiles.main - INFO - 2 changes detected
2025-12-15 12:43:38,318 - watchfiles.main - INFO - 2 changes detected
2025-12-15 12:43:38,670 - watchfiles.main - INFO - 2 changes detected
2025-12-15 12:43:39,022 - watchfiles.main - INFO - 2 changes detected
2025-12-15 12:43:39,374 - watchfiles.main - INFO - 2 changes detected
2025-12-15 12:43:39,726 - watchfiles.main - INFO - 2 changes detected
2025-12-15 12:43:40,077 - watchfiles.main - INFO - 2 changes detected
2025-12-15 12:43:40,430 - watchfiles.main - INFO - 2 changes detected
2025-12-15 12:43:40,782 - watchfiles.main - INFO - 2 changes detected
2025-12-15 12:43:41,134 - watchfiles.main - INFO - 2 changes detected
2025-12-15 12:43:41,485 - watchfiles.main - INFO - 2 changes detected
2025-12-15 12:43:41,837 - watchfiles.main - INFO - 2 changes detected
2025-12-15 12:43:42,189 - watchfiles.main - INFO - 2 changes detected
2025-12-15 12:43:42,540 - watchfiles.main - INFO - 2 changes detected
2025-12-15 12:43:42,891 - watchfiles.main - INFO - 2 changes detected
2025-12-15 12:43:43,243 - watchfiles.main - INFO - 2 changes detected
2025-12-15 12:43:43,594 - watchfiles.main - INFO - 2 changes detected
2025-12-15 12:43:43,948 - watchfiles.main - INFO - 2 changes detected
2025-12-15 12:43:44,300 - watchfiles.main - INFO - 2 changes detected
2025-12-15 12:43:44,653 - watchfiles.main - INFO - 2 changes detected
2025-12-15 12:43:45,004 - watchfiles.main - INFO - 2 changes detected
2025-12-15 12:43:45,356 - watchfiles.main - INFO - 2 changes detected
2025-12-15 12:43:45,708 - watchfiles.main - INFO - 2 changes detected
2025-12-15 12:43:46,059 - watchfiles.main - INFO - 2 changes detected
2025-12-15 12:43:46,411 - watchfiles.main - INFO - 2 changes detected
2025-12-15 12:43:46,766 - watchfiles.main - INFO - 2 changes detected
2025-12-15 12:43:47,118 - watchfiles.main - INFO - 2 changes detected
2025-12-15 12:43:47,470 - watchfiles.main - INFO - 2 changes detected
2025-12-15 12:43:47,821 - watchfiles.main - INFO - 2 changes detected
2025-12-15 12:43:48,173 - watchfiles.main - INFO - 2 changes detected
2025-12-15 12:43:48,524 - watchfiles.main - INFO - 2 changes detected
2025-12-15 12:43:48,876 - watchfiles.main - INFO - 2 changes detected
2025-12-15 12:43:49,228 - watchfiles.main - INFO - 2 changes detected
2025-12-15 12:43:49,580 - watchfiles.main - INFO - 2 changes detected
2025-12-15 12:43:49,932 - watchfiles.main - INFO - 2 changes detected
2025-12-15 12:43:50,283 - watchfiles.main - INFO - 2 changes detected
2025-12-15 12:43:50,635 - watchfiles.main - INFO - 2 changes detected
2025-12-15 12:43:50,987 - watchfiles.main - INFO - 2 changes detected
2025-12-15 12:43:51,338 - watchfiles.main - INFO - 2 changes detected
2025-12-15 12:43:51,694 - watchfiles.main - INFO - 2 changes detected
2025-12-15 12:43:52,045 - watchfiles.main - INFO - 2 changes detected
2025-12-15 12:43:52,397 - watchfiles.main - INFO - 2 changes detected
2025-12-15 12:43:52,748 - watchfiles.main - INFO - 2 changes detected
2025-12-15 12:43:53,100 - watchfiles.main - INFO - 2 changes detected
2025-12-15 12:43:53,452 - watchfiles.main - INFO - 2 changes detected
2025-12-15 12:43:53,803 - watchfiles.main - INFO - 2 changes detected
2025-12-15 12:43:54,155 - watchfiles.main - INFO - 2 changes detected
2025-12-15 12:43:54,507 - watchfiles.main - INFO - 2 changes detected
2025-12-15 12:43:54,860 - watchfiles.main - INFO - 2 changes detected
2025-12-15 12:43:55,213 - watchfiles.main - INFO - 2 changes detected
2025-12-15 12:43:55,565 - watchfiles.main - INFO - 2 changes detected
2025-12-15 12:43:55,916 - watchfiles.main - INFO - 2 changes detected
2025-12-15 12:43:56,267 - watchfiles.main - INFO - 2 changes detected
2025-12-15 12:43:56,619 - watchfiles.main - INFO - 2 changes detected
2025-12-15 12:43:56,970 - watchfiles.main - INFO - 2 changes detected
2025-12-15 12:43:57,323 - watchfiles.main - INFO - 2 changes detected
2025-12-15 12:43:57,674 - watchfiles.main - INFO - 2 changes detected
2025-12-15 12:43:58,026 - watchfiles.main - INFO - 2 changes detected
2025-12-15 12:43:58,377 - watchfiles.main - INFO - 2 changes detected
2025-12-15 12:43:58,729 - watchfiles.main - INFO - 2 changes detected
2025-12-15 12:43:59,081 - watchfiles.main - INFO - 2 changes detected
2025-12-15 12:43:59,433 - watchfiles.main - INFO - 2 changes detected
2025-12-15 12:43:59,785 - watchfiles.main - INFO - 2 changes detected
2025-12-15 12:44:00,137 - watchfiles.main - INFO - 2 changes detected
2025-12-15 12:44:00,489 - watchfiles.main - INFO - 2 changes detected
2025-12-15 12:44:00,840 - watchfiles.main - INFO - 2 changes detected
2025-12-15 12:44:01,191 - watchfiles.main - INFO - 2 changes detected
2025-12-15 12:44:01,542 - watchfiles.main - INFO - 2 changes detected
2025-12-15 12:44:01,893 - watchfiles.main - INFO - 2 changes detected
2025-12-15 12:44:02,245 - watchfiles.main - INFO - 2 changes detected
2025-12-15 12:44:02,596 - watchfiles.main - INFO - 2 changes detected
2025-12-15 12:44:02,948 - watchfiles.main - INFO - 2 changes detected
2025-12-15 12:44:03,299 - watchfiles.main - INFO - 2 changes detected
2025-12-15 12:44:03,650 - watchfiles.main - INFO - 2 changes detected
2025-12-15 12:44:04,003 - watchfiles.main - INFO - 2 changes detected
2025-12-15 12:44:04,354 - watchfiles.main - INFO - 2 changes detected
2025-12-15 12:44:04,705 - watchfiles.main - INFO - 2 changes detected
2025-12-15 12:44:05,057 - watchfiles.main - INFO - 2 changes detected
2025-12-15 12:44:05,409 - watchfiles.main - INFO - 2 changes detected
2025-12-15 12:44:05,760 - watchfiles.main - INFO - 2 changes detected
2025-12-15 12:44:06,112 - watchfiles.main - INFO - 2 changes detected
2025-12-15 12:44:06,463 - watchfiles.main - INFO - 2 changes detected
2025-12-15 12:44:06,815 - watchfiles.main - INFO - 2 changes detected
2025-12-15 12:44:07,167 - watchfiles.main - INFO - 2 changes detected
2025-12-15 12:44:07,518 - watchfiles.main - INFO - 2 changes detected
2025-12-15 12:44:07,869 - watchfiles.main - INFO - 2 changes detected
2025-12-15 12:44:08,220 - watchfiles.main - INFO - 2 changes detected
2025-12-15 12:44:08,571 - watchfiles.main - INFO - 2 changes detected
2025-12-15 12:44:08,923 - watchfiles.main - INFO - 2 changes detected
2025-12-15 12:44:09,274 - watchfiles.main - INFO - 2 changes detected
2025-12-15 12:44:09,625 - watchfiles.main - INFO - 2 changes detected
2025-12-15 12:44:09,976 - watchfiles.main - INFO - 2 changes detected
2025-12-15 12:44:10,327 - watchfiles.main - INFO - 2 changes detected
2025-12-15 12:44:10,678 - watchfiles.main - INFO - 2 changes detected
2025-12-15 12:44:11,030 - watchfiles.main - INFO - 2 changes detected
2025-12-15 12:44:11,382 - watchfiles.main - INFO - 2 changes detected
2025-12-15 12:44:11,733 - watchfiles.main - INFO - 2 changes detected
2025-12-15 12:44:12,084 - watchfiles.main - INFO - 2 changes detected
2025-12-15 12:44:12,437 - watchfiles.main - INFO - 2 changes detected
2025-12-15 12:44:12,789 - watchfiles.main - INFO - 2 changes detected
2025-12-15 12:44:13,140 - watchfiles.main - INFO - 2 changes detected
2025-12-15 12:44:13,491 - watchfiles.main - INFO - 2 changes detected
2025-12-15 12:44:13,843 - watchfiles.main - INFO - 2 changes detected
2025-12-15 12:44:14,195 - watchfiles.main - INFO - 2 changes detected
2025-12-15 12:44:14,546 - watchfiles.main - INFO - 2 changes detected
2025-12-15 12:44:14,898 - watchfiles.main - INFO - 2 changes detected
2025-12-15 12:44:15,250 - watchfiles.main - INFO - 2 changes detected
2025-12-15 12:44:15,601 - watchfiles.main - INFO - 2 changes detected
2025-12-15 12:44:15,953 - watchfiles.main - INFO - 2 changes detected
2025-12-15 12:44:16,304 - watchfiles.main - INFO - 2 changes detected
2025-12-15 12:44:16,656 - watchfiles.main - INFO - 2 changes detected
2025-12-15 12:44:17,011 - watchfiles.main - INFO - 2 changes detected
2025-12-15 12:44:17,362 - watchfiles.main - INFO - 2 changes detected
2025-12-15 12:44:17,713 - watchfiles.main - INFO - 2 changes detected
2025-12-15 12:44:18,066 - watchfiles.main - INFO - 2 changes detected
2025-12-15 12:44:18,417 - watchfiles.main - INFO - 2 changes detected
2025-12-15 12:44:18,769 - watchfiles.main - INFO - 2 changes detected
2025-12-15 12:44:19,120 - watchfiles.main - INFO - 2 changes detected
2025-12-15 12:44:19,472 - watchfiles.main - INFO - 2 changes detected
2025-12-15 12:44:19,823 - watchfiles.main - INFO - 2 changes detected
2025-12-15 12:44:20,175 - watchfiles.main - INFO - 2 changes detected
2025-12-15 12:44:20,526 - watchfiles.main - INFO - 2 changes detected
2025-12-15 12:44:20,877 - watchfiles.main - INFO - 2 changes detected
2025-12-15 12:44:21,229 - watchfiles.main - INFO - 2 changes detected
2025-12-15 12:44:21,580 - watchfiles.main - INFO - 2 changes detected
2025-12-15 12:44:21,931 - watchfiles.main - INFO - 2 changes detected
2025-12-15 12:44:22,318 - watchfiles.main - INFO - 2 changes detected
2025-12-15 12:44:22,670 - watchfiles.main - INFO - 2 changes detected
2025-12-15 12:44:23,021 - watchfiles.main - INFO - 2 changes detected
2025-12-15 12:44:23,372 - watchfiles.main - INFO - 2 changes detected
2025-12-15 12:44:23,723 - watchfiles.main - INFO - 2 changes detected
2025-12-15 12:44:24,075 - watchfiles.main - INFO - 2 changes detected
2025-12-15 12:44:24,427 - watchfiles.main - INFO - 2 changes detected
2025-12-15 12:44:24,778 - watchfiles.main - INFO - 2 changes detected
2025-12-15 12:44:25,129 - watchfiles.main - INFO - 2 changes detected
2025-12-15 12:44:25,480 - watchfiles.main - INFO - 2 changes detected
2025-12-15 12:44:25,832 - watchfiles.main - INFO - 2 changes detected
2025-12-15 12:44:26,184 - watchfiles.main - INFO - 2 changes detected
2025-12-15 12:44:26,536 - watchfiles.main - INFO - 2 changes detected
2025-12-15 12:44:26,888 - watchfiles.main - INFO - 2 changes detected
2025-12-15 12:44:27,240 - watchfiles.main - INFO - 2 changes detected
2025-12-15 12:44:27,592 - watchfiles.main - INFO - 2 changes detected
2025-12-15 12:44:27,944 - watchfiles.main - INFO - 2 changes detected
2025-12-15 12:44:28,295 - watchfiles.main - INFO - 2 changes detected
2025-12-15 12:44:28,647 - watchfiles.main - INFO - 2 changes detected
2025-12-15 12:44:28,998 - watchfiles.main - INFO - 2 changes detected
2025-12-15 12:44:29,350 - watchfiles.main - INFO - 2 changes detected
2025-12-15 12:44:29,703 - watchfiles.main - INFO - 2 changes detected
2025-12-15 12:44:30,060 - watchfiles.main - INFO - 2 changes detected
2025-12-15 12:44:30,412 - watchfiles.main - INFO - 2 changes detected
2025-12-15 12:44:30,764 - watchfiles.main - INFO - 2 changes detected
2025-12-15 12:44:31,115 - watchfiles.main - INFO - 2 changes detected
2025-12-15 12:44:31,467 - watchfiles.main - INFO - 2 changes detected
2025-12-15 12:44:31,818 - watchfiles.main - INFO - 2 changes detected
2025-12-15 12:44:32,170 - watchfiles.main - INFO - 2 changes detected
2025-12-15 12:44:32,521 - watchfiles.main - INFO - 2 changes detected
2025-12-15 12:44:32,872 - watchfiles.main - INFO - 2 changes detected
2025-12-15 12:44:33,223 - watchfiles.main - INFO - 2 changes detected
2025-12-15 12:44:33,575 - watchfiles.main - INFO - 2 changes detected
2025-12-15 12:44:33,927 - watchfiles.main - INFO - 2 changes detected
2025-12-15 12:44:34,278 - watchfiles.main - INFO - 2 changes detected
2025-12-15 12:44:34,629 - watchfiles.main - INFO - 2 changes detected
2025-12-15 12:44:34,980 - watchfiles.main - INFO - 2 changes detected
2025-12-15 12:44:35,336 - watchfiles.main - INFO - 2 changes detected
2025-12-15 12:44:35,687 - watchfiles.main - INFO - 2 changes detected
2025-12-15 12:44:36,039 - watchfiles.main - INFO - 2 changes detected
2025-12-15 12:44:36,390 - watchfiles.main - INFO - 2 changes detected
2025-12-15 12:44:36,742 - watchfiles.main - INFO - 2 changes detected
2025-12-15 12:44:37,094 - watchfiles.main - INFO - 2 changes detected
2025-12-15 12:44:37,445 - watchfiles.main - INFO - 2 changes detected
2025-12-15 12:44:37,797 - watchfiles.main - INFO - 2 changes detected
2025-12-15 12:44:38,150 - watchfiles.main - INFO - 2 changes detected
2025-12-15 12:44:38,501 - watchfiles.main - INFO - 2 changes detected
2025-12-15 12:44:38,852 - watchfiles.main - INFO - 2 changes detected
2025-12-15 12:44:39,203 - watchfiles.main - INFO - 2 changes detected
2025-12-15 12:44:39,554 - watchfiles.main - INFO - 2 changes detected
2025-12-15 12:44:39,907 - watchfiles.main - INFO - 2 changes detected
2025-12-15 12:44:40,258 - watchfiles.main - INFO - 2 changes detected
2025-12-15 12:44:40,609 - watchfiles.main - INFO - 2 changes detected
2025-12-15 12:44:40,961 - watchfiles.main - INFO - 2 changes detected
2025-12-15 12:44:41,312 - watchfiles.main - INFO - 2 changes detected
2025-12-15 12:44:41,664 - watchfiles.main - INFO - 2 changes detected
2025-12-15 12:44:42,016 - watchfiles.main - INFO - 2 changes detected
2025-12-15 12:44:42,368 - watchfiles.main - INFO - 2 changes detected
2025-12-15 12:44:42,720 - watchfiles.main - INFO - 2 changes detected
2025-12-15 12:44:43,071 - watchfiles.main - INFO - 2 changes detected
2025-12-15 12:44:43,422 - watchfiles.main - INFO - 2 changes detected
2025-12-15 12:44:43,774 - watchfiles.main - INFO - 2 changes detected
2025-12-15 12:44:44,126 - watchfiles.main - INFO - 2 changes detected
2025-12-15 12:44:44,477 - watchfiles.main - INFO - 2 changes detected
2025-12-15 12:44:44,829 - watchfiles.main - INFO - 2 changes detected
2025-12-15 12:44:45,180 - watchfiles.main - INFO - 2 changes detected
2025-12-15 12:44:45,532 - watchfiles.main - INFO - 2 changes detected
2025-12-15 12:44:45,884 - watchfiles.main - INFO - 2 changes detected
2025-12-15 12:44:46,236 - watchfiles.main - INFO - 2 changes detected
2025-12-15 12:44:46,587 - watchfiles.main - INFO - 2 changes detected
2025-12-15 12:44:46,938 - watchfiles.main - INFO - 2 changes detected
2025-12-15 12:44:47,290 - watchfiles.main - INFO - 2 changes detected
2025-12-15 12:44:47,642 - watchfiles.main - INFO - 2 changes detected
2025-12-15 12:44:47,994 - watchfiles.main - INFO - 2 changes detected
2025-12-15 12:44:48,345 - watchfiles.main - INFO - 2 changes detected
2025-12-15 12:44:48,696 - watchfiles.main - INFO - 2 changes detected
2025-12-15 12:44:49,048 - watchfiles.main - INFO - 2 changes detected
2025-12-15 12:44:49,400 - watchfiles.main - INFO - 2 changes detected
2025-12-15 12:44:49,751 - watchfiles.main - INFO - 2 changes detected
2025-12-15 12:44:50,103 - watchfiles.main - INFO - 2 changes detected
2025-12-15 12:44:50,454 - watchfiles.main - INFO - 2 changes detected
2025-12-15 12:44:50,805 - watchfiles.main - INFO - 2 changes detected
2025-12-15 12:44:51,156 - watchfiles.main - INFO - 2 changes detected
2025-12-15 12:44:51,508 - watchfiles.main - INFO - 2 changes detected
2025-12-15 12:44:51,859 - watchfiles.main - INFO - 2 changes detected
2025-12-15 12:44:52,211 - watchfiles.main - INFO - 2 changes detected
2025-12-15 12:44:52,563 - watchfiles.main - INFO - 2 changes detected
2025-12-15 12:44:52,914 - watchfiles.main - INFO - 2 changes detected
2025-12-15 12:44:53,266 - watchfiles.main - INFO - 2 changes detected
2025-12-15 12:44:53,619 - watchfiles.main - INFO - 2 changes detected
2025-12-15 12:44:53,970 - watchfiles.main - INFO - 2 changes detected
2025-12-15 12:44:54,322 - watchfiles.main - INFO - 2 changes detected
2025-12-15 12:44:54,673 - watchfiles.main - INFO - 2 changes detected
2025-12-15 12:44:55,026 - watchfiles.main - INFO - 3 changes detected
2025-12-15 12:44:55,174 - main - INFO - 🛑 Shutting down AI Receptionist application...
2025-12-15 12:44:55,174 - database.mongo_config - INFO - Closing MongoDB connection...
2025-12-15 12:44:55,184 - database.mongo_config - INFO - ✅ MongoDB connection closed
2025-12-15 12:44:55,184 - main - INFO - ✅ Application shutdown complete!
2025-12-15 12:44:58,168 - watchfiles.main - INFO - 2 changes detected
2025-12-15 12:44:58,519 - watchfiles.main - INFO - 2 changes detected
2025-12-15 12:44:58,871 - watchfiles.main - INFO - 2 changes detected
2025-12-15 12:44:59,223 - watchfiles.main - INFO - 2 changes detected
2025-12-15 12:44:59,575 - watchfiles.main - INFO - 2 changes detected
2025-12-15 12:44:59,927 - watchfiles.main - INFO - 3 changes detected
2025-12-15 12:45:00,295 - watchfiles.main - INFO - 2 changes detected
2025-12-15 12:45:00,646 - watchfiles.main - INFO - 2 changes detected
2025-12-15 12:45:00,997 - watchfiles.main - INFO - 2 changes detected
2025-12-15 12:45:01,349 - watchfiles.main - INFO - 2 changes detected
2025-12-15 12:45:01,700 - watchfiles.main - INFO - 2 changes detected
2025-12-15 12:45:02,052 - watchfiles.main - INFO - 2 changes detected
2025-12-15 12:45:02,403 - watchfiles.main - INFO - 2 changes detected
2025-12-15 12:45:02,755 - watchfiles.main - INFO - 2 changes detected
2025-12-15 12:45:03,106 - watchfiles.main - INFO - 2 changes detected
2025-12-15 12:45:03,154 - __mp_main__ - INFO - ✅ Error handling middleware enabled
2025-12-15 12:45:03,154 - __mp_main__ - INFO - ✅ CORS configured for origins: http://127.0.0.1:3000, http://127.0.0.1:5173, https://aireceptionist-lake.vercel.app, http://localhost:3000, https://aireceptionist-lake.vercel.app/, http://localhost:5173
2025-12-15 12:45:03,323 - services.twilio_service - INFO - Twilio service initialized
2025-12-15 12:45:03,439 - services.stripe_service - INFO - 🧪 STRIPE MOCK MODE ENABLED - No real charges will be made
2025-12-15 12:45:03,440 - services.mock_stripe_service - INFO - 🧪 MockStripeService initialized - NO REAL CHARGES WILL BE MADE
2025-12-15 12:45:03,458 - watchfiles.main - INFO - 2 changes detected
2025-12-15 12:45:03,810 - watchfiles.main - INFO - 2 changes detected
2025-12-15 12:45:04,161 - watchfiles.main - INFO - 2 changes detected
2025-12-15 12:45:04,513 - watchfiles.main - INFO - 2 changes detected
2025-12-15 12:45:04,864 - watchfiles.main - INFO - 2 changes detected
2025-12-15 12:45:05,215 - watchfiles.main - INFO - 2 changes detected
2025-12-15 12:45:05,566 - watchfiles.main - INFO - 2 changes detected
2025-12-15 12:45:05,918 - watchfiles.main - INFO - 2 changes detected
2025-12-15 12:45:06,269 - watchfiles.main - INFO - 2 changes detected
2025-12-15 12:45:06,329 - main - INFO - ✅ Error handling middleware enabled
2025-12-15 12:45:06,330 - main - INFO - ✅ CORS configured for origins: http://127.0.0.1:3000, http://127.0.0.1:5173, https://aireceptionist-lake.vercel.app, http://localhost:3000, https://aireceptionist-lake.vercel.app/, http://localhost:5173
2025-12-15 12:45:06,508 - main - INFO - 🚀 Starting AI Receptionist application...
2025-12-15 12:45:06,508 - database.mongo_config - INFO - Connecting to MongoDB at mongodb://localhost:27017/ai_barber_receptionist
2025-12-15 12:45:06,527 - database.mongo_config - INFO - ✅ Successfully connected to MongoDB database: ai_barber_receptionist
2025-12-15 12:45:06,544 - database.mongo_config - INFO - ✅ Database indexes created successfully
2025-12-15 12:45:06,544 - main - INFO - ✅ Error logging system initialized
2025-12-15 12:45:06,545 - main - INFO - ✅ Application startup complete!
2025-12-15 12:45:06,620 - watchfiles.main - INFO - 2 changes detected
2025-12-15 12:45:06,972 - watchfiles.main - INFO - 2 changes detected
2025-12-15 12:45:07,323 - watchfiles.main - INFO - 2 changes detected
2025-12-15 12:45:07,675 - watchfiles.main - INFO - 2 changes detected
2025-12-15 12:45:08,027 - watchfiles.main - INFO - 2 changes detected
2025-12-15 12:45:08,378 - watchfiles.main - INFO - 2 changes detected
2025-12-15 12:45:08,730 - watchfiles.main - INFO - 2 changes detected
2025-12-15 12:45:09,081 - watchfiles.main - INFO - 2 changes detected
2025-12-15 12:45:09,433 - watchfiles.main - INFO - 2 changes detected
2025-12-15 12:45:09,784 - watchfiles.main - INFO - 2 changes detected
2025-12-15 12:45:10,135 - watchfiles.main - INFO - 2 changes detected
2025-12-15 12:45:10,486 - watchfiles.main - INFO - 2 changes detected
2025-12-15 12:45:10,838 - watchfiles.main - INFO - 2 changes detected
2025-12-15 12:45:11,189 - watchfiles.main - INFO - 2 changes detected
2025-12-15 12:45:11,541 - watchfiles.main - INFO - 2 changes detected
2025-12-15 12:45:11,892 - watchfiles.main - INFO - 2 changes detected
2025-12-15 12:45:12,244 - watchfiles.main - INFO - 2 changes detected
2025-12-15 12:45:12,595 - watchfiles.main - INFO - 2 changes detected
2025-12-15 12:45:12,949 - watchfiles.main - INFO - 2 changes detected
2025-12-15 12:45:13,301 - watchfiles.main - INFO - 2 changes detected
2025-12-15 12:45:13,653 - watchfiles.main - INFO - 2 changes detected
2025-12-15 12:45:14,004 - watchfiles.main - INFO - 2 changes detected
2025-12-15 12:45:14,356 - watchfiles.main - INFO - 2 changes detected
2025-12-15 12:45:14,709 - watchfiles.main - INFO - 2 changes detected
2025-12-15 12:45:15,060 - watchfiles.main - INFO - 2 changes detected
2025-12-15 12:45:15,412 - watchfiles.main - INFO - 2 changes detected
2025-12-15 12:45:15,764 - watchfiles.main - INFO - 2 changes detected
2025-12-15 12:45:16,116 - watchfiles.main - INFO - 2 changes detected
2025-12-15 12:45:16,467 - watchfiles.main - INFO - 2 changes detected
2025-12-15 12:45:16,819 - watchfiles.main - INFO - 2 changes detected
2025-12-15 12:45:17,205 - watchfiles.main - INFO - 2 changes detected
2025-12-15 12:45:17,556 - watchfiles.main - INFO - 2 changes detected
2025-12-15 12:45:17,908 - watchfiles.main - INFO - 2 changes detected
2025-12-15 12:45:18,259 - watchfiles.main - INFO - 2 changes detected
2025-12-15 12:45:18,610 - watchfiles.main - INFO - 2 changes detected
2025-12-15 12:45:18,962 - watchfiles.main - INFO - 2 changes detected
2025-12-15 12:45:19,313 - watchfiles.main - INFO - 2 changes detected
2025-12-15 12:45:19,665 - watchfiles.main - INFO - 2 changes detected
2025-12-15 12:45:20,017 - watchfiles.main - INFO - 2 changes detected
2025-12-15 12:45:20,368 - watchfiles.main - INFO - 2 changes detected
2025-12-15 12:45:20,720 - watchfiles.main - INFO - 2 changes detected
2025-12-15 12:45:21,071 - watchfiles.main - INFO - 2 changes detected
2025-12-15 12:45:21,422 - watchfiles.main - INFO - 2 changes detected
2025-12-15 12:45:21,773 - watchfiles.main - INFO - 2 changes detected
2025-12-15 12:45:22,125 - watchfiles.main - INFO - 2 changes detected
2025-12-15 12:45:22,511 - watchfiles.main - INFO - 2 changes detected
2025-12-15 12:45:22,864 - watchfiles.main - INFO - 2 changes detected
2025-12-15 12:45:23,215 - watchfiles.main - INFO - 2 changes detected
2025-12-15 12:45:23,567 - watchfiles.main - INFO - 2 changes detected
2025-12-15 12:45:23,920 - watchfiles.main - INFO - 2 changes detected
2025-12-15 12:45:24,271 - watchfiles.main - INFO - 2 changes detected
2025-12-15 12:45:24,623 - watchfiles.main - INFO - 2 changes detected
2025-12-15 12:45:24,975 - watchfiles.main - INFO - 2 changes detected
2025-12-15 12:45:25,327 - watchfiles.main - INFO - 2 changes detected
2025-12-15 12:45:25,679 - watchfiles.main - INFO - 2 changes detected
2025-12-15 12:45:26,031 - watchfiles.main - INFO - 2 changes detected
2025-12-15 12:45:26,383 - watchfiles.main - INFO - 2 changes detected
2025-12-15 12:45:26,734 - watchfiles.main - INFO - 2 changes detected
2025-12-15 12:45:27,085 - watchfiles.main - INFO - 2 changes detected
2025-12-15 12:45:27,437 - watchfiles.main - INFO - 2 changes detected
2025-12-15 12:45:27,789 - watchfiles.main - INFO - 2 changes detected
2025-12-15 12:45:28,141 - watchfiles.main - INFO - 2 changes detected
2025-12-15 12:45:28,493 - watchfiles.main - INFO - 2 changes detected
2025-12-15 12:45:28,844 - watchfiles.main - INFO - 2 changes detected
2025-12-15 12:45:29,196 - watchfiles.main - INFO - 2 changes detected
2025-12-15 12:45:29,548 - watchfiles.main - INFO - 2 changes detected
2025-12-15 12:45:29,899 - watchfiles.main - INFO - 2 changes detected
2025-12-15 12:45:30,251 - watchfiles.main - INFO - 2 changes detected
2025-12-15 12:45:30,602 - watchfiles.main - INFO - 2 changes detected
2025-12-15 12:45:30,954 - watchfiles.main - INFO - 2 changes detected
2025-12-15 12:45:31,306 - watchfiles.main - INFO - 2 changes detected
2025-12-15 12:45:31,657 - watchfiles.main - INFO - 2 changes detected
2025-12-15 12:45:32,010 - watchfiles.main - INFO - 2 changes detected
2025-12-15 12:45:32,361 - watchfiles.main - INFO - 2 changes detected
2025-12-15 12:45:32,748 - watchfiles.main - INFO - 2 changes detected
2025-12-15 12:45:33,100 - watchfiles.main - INFO - 2 changes detected
2025-12-15 12:45:33,452 - watchfiles.main - INFO - 2 changes detected
2025-12-15 12:45:33,804 - watchfiles.main - INFO - 2 changes detected
2025-12-15 12:45:34,155 - watchfiles.main - INFO - 2 changes detected
2025-12-15 12:45:34,506 - watchfiles.main - INFO - 2 changes detected
2025-12-15 12:45:34,858 - watchfiles.main - INFO - 2 changes detected
2025-12-15 12:45:35,210 - watchfiles.main - INFO - 2 changes detected
2025-12-15 12:45:35,561 - watchfiles.main - INFO - 2 changes detected
2025-12-15 12:45:35,913 - watchfiles.main - INFO - 2 changes detected
2025-12-15 12:45:36,264 - watchfiles.main - INFO - 2 changes detected
2025-12-15 12:45:36,615 - watchfiles.main - INFO - 2 changes detected
2025-12-15 12:45:36,967 - watchfiles.main - INFO - 2 changes detected
2025-12-15 12:45:37,319 - watchfiles.main - INFO - 2 changes detected
2025-12-15 12:45:37,670 - watchfiles.main - INFO - 2 changes detected
2025-12-15 12:45:38,023 - watchfiles.main - INFO - 2 changes detected
2025-12-15 12:45:38,375 - watchfiles.main - INFO - 2 changes detected
2025-12-15 12:45:38,728 - watchfiles.main - INFO - 2 changes detected
2025-12-15 12:45:39,079 - watchfiles.main - INFO - 2 changes detected
2025-12-15 12:45:39,431 - watchfiles.main - INFO - 2 changes detected
2025-12-15 12:45:39,783 - watchfiles.main - INFO - 2 changes detected
2025-12-15 12:45:40,134 - watchfiles.main - INFO - 2 changes detected
2025-12-15 12:45:40,486 - watchfiles.main - INFO - 2 changes detected
2025-12-15 12:45:40,839 - watchfiles.main - INFO - 2 changes detected
2025-12-15 12:45:41,190 - watchfiles.main - INFO - 2 changes detected
2025-12-15 12:45:41,542 - watchfiles.main - INFO - 2 changes detected
2025-12-15 12:45:41,893 - watchfiles.main - INFO - 2 changes detected
2025-12-15 12:45:42,244 - watchfiles.main - INFO - 2 changes detected
2025-12-15 12:45:42,596 - watchfiles.main - INFO - 2 changes detected
2025-12-15 12:45:42,948 - watchfiles.main - INFO - 2 changes detected
2025-12-15 12:45:43,336 - watchfiles.main - INFO - 2 changes detected
2025-12-15 12:45:43,689 - watchfiles.main - INFO - 2 changes detected
2025-12-15 12:45:44,040 - watchfiles.main - INFO - 2 changes detected
2025-12-15 12:45:44,392 - watchfiles.main - INFO - 2 changes detected
2025-12-15 12:45:44,744 - watchfiles.main - INFO - 2 changes detected
2025-12-15 12:45:45,096 - watchfiles.main - INFO - 2 changes detected
2025-12-15 12:45:45,448 - watchfiles.main - INFO - 2 changes detected
2025-12-15 12:45:45,799 - watchfiles.main - INFO - 2 changes detected
2025-12-15 12:45:46,151 - watchfiles.main - INFO - 2 changes detected
2025-12-15 12:45:46,503 - watchfiles.main - INFO - 2 changes detected
2025-12-15 12:45:46,855 - watchfiles.main - INFO - 2 changes detected
2025-12-15 12:45:47,206 - watchfiles.main - INFO - 2 changes detected
2025-12-15 12:45:47,557 - watchfiles.main - INFO - 2 changes detected
2025-12-15 12:45:47,909 - watchfiles.main - INFO - 2 changes detected
2025-12-15 12:45:48,261 - watchfiles.main - INFO - 2 changes detected
2025-12-15 12:45:48,647 - watchfiles.main - INFO - 2 changes detected
2025-12-15 12:45:48,999 - watchfiles.main - INFO - 2 changes detected
2025-12-15 12:45:49,351 - watchfiles.main - INFO - 2 changes detected
2025-12-15 12:45:49,702 - watchfiles.main - INFO - 2 changes detected
2025-12-15 12:45:50,054 - watchfiles.main - INFO - 2 changes detected
2025-12-15 12:45:50,406 - watchfiles.main - INFO - 2 changes detected
2025-12-15 12:45:50,757 - watchfiles.main - INFO - 2 changes detected
2025-12-15 12:45:51,108 - watchfiles.main - INFO - 2 changes detected
2025-12-15 12:45:51,460 - watchfiles.main - INFO - 2 changes detected
2025-12-15 12:45:51,812 - watchfiles.main - INFO - 2 changes detected
2025-12-15 12:45:52,163 - watchfiles.main - INFO - 2 changes detected
2025-12-15 12:45:52,514 - watchfiles.main - INFO - 2 changes detected
2025-12-15 12:45:52,865 - watchfiles.main - INFO - 2 changes detected
2025-12-15 12:45:53,217 - watchfiles.main - INFO - 2 changes detected
2025-12-15 12:45:53,569 - watchfiles.main - INFO - 2 changes detected
2025-12-15 12:45:53,921 - watchfiles.main - INFO - 2 changes detected
2025-12-15 12:45:54,272 - watchfiles.main - INFO - 2 changes detected
2025-12-15 12:45:54,623 - watchfiles.main - INFO - 2 changes detected
2025-12-15 12:45:54,975 - watchfiles.main - INFO - 2 changes detected
2025-12-15 12:45:55,326 - watchfiles.main - INFO - 2 changes detected
2025-12-15 12:45:55,678 - watchfiles.main - INFO - 2 changes detected
2025-12-15 12:45:56,030 - watchfiles.main - INFO - 2 changes detected
2025-12-15 12:45:56,382 - watchfiles.main - INFO - 2 changes detected
2025-12-15 12:45:56,733 - watchfiles.main - INFO - 2 changes detected
2025-12-15 12:45:57,085 - watchfiles.main - INFO - 2 changes detected
2025-12-15 12:45:57,438 - watchfiles.main - INFO - 2 changes detected
2025-12-15 12:45:57,790 - watchfiles.main - INFO - 2 changes detected
2025-12-15 12:45:58,142 - watchfiles.main - INFO - 2 changes detected
2025-12-15 12:45:58,493 - watchfiles.main - INFO - 2 changes detected
2025-12-15 12:45:58,846 - watchfiles.main - INFO - 2 changes detected
2025-12-15 12:45:59,198 - watchfiles.main - INFO - 2 changes detected
2025-12-15 12:45:59,550 - watchfiles.main - INFO - 2 changes detected
2025-12-15 12:45:59,902 - watchfiles.main - INFO - 2 changes detected
2025-12-15 12:46:00,254 - watchfiles.main - INFO - 2 changes detected
2025-12-15 12:46:00,606 - watchfiles.main - INFO - 2 changes detected
2025-12-15 12:46:00,957 - watchfiles.main - INFO - 2 changes detected
2025-12-15 12:46:01,308 - watchfiles.main - INFO - 2 changes detected
2025-12-15 12:46:01,659 - watchfiles.main - INFO - 2 changes detected
2025-12-15 12:46:02,010 - watchfiles.main - INFO - 2 changes detected
2025-12-15 12:46:02,362 - watchfiles.main - INFO - 2 changes detected
2025-12-15 12:46:02,714 - watchfiles.main - INFO - 2 changes detected
2025-12-15 12:46:03,066 - watchfiles.main - INFO - 2 changes detected
2025-12-15 12:46:03,420 - watchfiles.main - INFO - 2 changes detected
2025-12-15 12:46:03,771 - watchfiles.main - INFO - 2 changes detected
2025-12-15 12:46:04,122 - watchfiles.main - INFO - 2 changes detected
2025-12-15 12:46:04,476 - watchfiles.main - INFO - 2 changes detected
2025-12-15 12:46:04,827 - watchfiles.main - INFO - 2 changes detected
2025-12-15 12:46:05,179 - watchfiles.main - INFO - 2 changes detected
2025-12-15 12:46:05,530 - watchfiles.main - INFO - 2 changes detected
2025-12-15 12:46:05,882 - watchfiles.main - INFO - 2 changes detected
2025-12-15 12:46:06,234 - watchfiles.main - INFO - 2 changes detected
2025-12-15 12:46:06,586 - watchfiles.main - INFO - 2 changes detected
2025-12-15 12:46:06,938 - watchfiles.main - INFO - 2 changes detected
2025-12-15 12:46:07,289 - watchfiles.main - INFO - 2 changes detected
2025-12-15 12:46:07,641 - watchfiles.main - INFO - 2 changes detected
2025-12-15 12:46:07,992 - watchfiles.main - INFO - 2 changes detected
2025-12-15 12:46:08,343 - watchfiles.main - INFO - 2 changes detected
2025-12-15 12:46:08,694 - watchfiles.main - INFO - 2 changes detected
2025-12-15 12:46:09,046 - watchfiles.main - INFO - 2 changes detected
2025-12-15 12:46:09,404 - watchfiles.main - INFO - 2 changes detected
2025-12-15 12:46:09,756 - watchfiles.main - INFO - 2 changes detected
2025-12-15 12:46:10,108 - watchfiles.main - INFO - 2 changes detected
2025-12-15 12:46:10,461 - watchfiles.main - INFO - 2 changes detected
2025-12-15 12:46:10,814 - watchfiles.main - INFO - 2 changes detected
2025-12-15 12:46:11,167 - watchfiles.main - INFO - 2 changes detected
2025-12-15 12:46:11,519 - watchfiles.main - INFO - 2 changes detected
2025-12-15 12:46:11,871 - watchfiles.main - INFO - 2 changes detected
2025-12-15 12:46:12,223 - watchfiles.main - INFO - 2 changes detected
2025-12-15 12:46:12,574 - watchfiles.main - INFO - 2 changes detected
2025-12-15 12:46:12,926 - watchfiles.main - INFO - 2 changes detected
2025-12-15 12:46:13,279 - watchfiles.main - INFO - 2 changes detected
2025-12-15 12:46:13,632 - watchfiles.main - INFO - 3 changes detected
2025-12-15 12:46:13,756 - main - INFO - 🛑 Shutting down AI Receptionist application...
2025-12-15 12:46:13,756 - database.mongo_config - INFO - Closing MongoDB connection...
2025-12-15 12:46:13,758 - database.mongo_config - INFO - ✅ MongoDB connection closed
2025-12-15 12:46:13,759 - main - INFO - ✅ Application shutdown complete!
2025-12-15 12:46:15,988 - watchfiles.main - INFO - 2 changes detected
2025-12-15 12:46:16,339 - watchfiles.main - INFO - 2 changes detected
2025-12-15 12:46:16,691 - watchfiles.main - INFO - 2 changes detected
2025-12-15 12:46:17,044 - watchfiles.main - INFO - 2 changes detected
2025-12-15 12:46:17,395 - watchfiles.main - INFO - 2 changes detected
2025-12-15 12:46:17,746 - watchfiles.main - INFO - 2 changes detected
2025-12-15 12:46:18,072 - __mp_main__ - INFO - ✅ Error handling middleware enabled
2025-12-15 12:46:18,072 - __mp_main__ - INFO - ✅ CORS configured for origins: http://127.0.0.1:3000, http://localhost:5173, https://aireceptionist-lake.vercel.app/, http://localhost:3000, http://127.0.0.1:5173, https://aireceptionist-lake.vercel.app
2025-12-15 12:46:18,097 - watchfiles.main - INFO - 8 changes detected
2025-12-15 12:46:18,189 - services.twilio_service - INFO - Twilio service initialized
2025-12-15 12:46:18,246 - services.stripe_service - INFO - 🧪 STRIPE MOCK MODE ENABLED - No real charges will be made
2025-12-15 12:46:18,246 - services.mock_stripe_service - INFO - 🧪 MockStripeService initialized - NO REAL CHARGES WILL BE MADE
2025-12-15 12:46:18,449 - watchfiles.main - INFO - 2 changes detected
2025-12-15 12:46:18,800 - watchfiles.main - INFO - 2 changes detected
2025-12-15 12:46:19,152 - watchfiles.main - INFO - 2 changes detected
2025-12-15 12:46:19,503 - watchfiles.main - INFO - 2 changes detected
2025-12-15 12:46:19,855 - watchfiles.main - INFO - 2 changes detected
2025-12-15 12:46:20,206 - watchfiles.main - INFO - 2 changes detected
2025-12-15 12:46:20,557 - watchfiles.main - INFO - 2 changes detected
2025-12-15 12:46:20,909 - watchfiles.main - INFO - 2 changes detected
2025-12-15 12:46:20,930 - main - INFO - ✅ Error handling middleware enabled
2025-12-15 12:46:20,930 - main - INFO - ✅ CORS configured for origins: http://127.0.0.1:3000, http://localhost:5173, https://aireceptionist-lake.vercel.app/, http://localhost:3000, http://127.0.0.1:5173, https://aireceptionist-lake.vercel.app
2025-12-15 12:46:21,108 - main - INFO - 🚀 Starting AI Receptionist application...
2025-12-15 12:46:21,108 - database.mongo_config - INFO - Connecting to MongoDB at mongodb://localhost:27017/ai_barber_receptionist
2025-12-15 12:46:21,123 - database.mongo_config - INFO - ✅ Successfully connected to MongoDB database: ai_barber_receptionist
2025-12-15 12:46:21,141 - database.mongo_config - INFO - ✅ Database indexes created successfully
2025-12-15 12:46:21,142 - main - INFO - ✅ Error logging system initialized
2025-12-15 12:46:21,142 - main - INFO - ✅ Application startup complete!
2025-12-15 12:46:21,261 - watchfiles.main - INFO - 2 changes detected
2025-12-15 12:46:21,613 - watchfiles.main - INFO - 2 changes detected
2025-12-15 12:46:21,964 - watchfiles.main - INFO - 2 changes detected
2025-12-15 12:46:22,316 - watchfiles.main - INFO - 2 changes detected
2025-12-15 12:46:22,667 - watchfiles.main - INFO - 2 changes detected
2025-12-15 12:46:23,018 - watchfiles.main - INFO - 2 changes detected
2025-12-15 12:46:23,371 - watchfiles.main - INFO - 2 changes detected
2025-12-15 12:46:23,722 - watchfiles.main - INFO - 2 changes detected
2025-12-15 12:46:24,074 - watchfiles.main - INFO - 2 changes detected
2025-12-15 12:46:24,425 - watchfiles.main - INFO - 2 changes detected
2025-12-15 12:46:24,777 - watchfiles.main - INFO - 2 changes detected
2025-12-15 12:46:25,128 - watchfiles.main - INFO - 2 changes detected
2025-12-15 12:46:25,479 - watchfiles.main - INFO - 2 changes detected
2025-12-15 12:46:25,830 - watchfiles.main - INFO - 2 changes detected
2025-12-15 12:46:26,181 - watchfiles.main - INFO - 2 changes detected
2025-12-15 12:46:26,533 - watchfiles.main - INFO - 2 changes detected
2025-12-15 12:46:26,884 - watchfiles.main - INFO - 2 changes detected
2025-12-15 12:46:27,236 - watchfiles.main - INFO - 2 changes detected
2025-12-15 12:46:27,587 - watchfiles.main - INFO - 2 changes detected
2025-12-15 12:46:27,939 - watchfiles.main - INFO - 2 changes detected
2025-12-15 12:46:28,290 - watchfiles.main - INFO - 2 changes detected
2025-12-15 12:46:28,642 - watchfiles.main - INFO - 2 changes detected
2025-12-15 12:46:28,993 - watchfiles.main - INFO - 2 changes detected
2025-12-15 12:46:29,345 - watchfiles.main - INFO - 2 changes detected
2025-12-15 12:46:29,696 - watchfiles.main - INFO - 2 changes detected
2025-12-15 12:46:30,047 - watchfiles.main - INFO - 2 changes detected
2025-12-15 12:46:30,398 - watchfiles.main - INFO - 2 changes detected
2025-12-15 12:46:30,749 - watchfiles.main - INFO - 2 changes detected
2025-12-15 12:46:31,100 - watchfiles.main - INFO - 2 changes detected
2025-12-15 12:46:31,452 - watchfiles.main - INFO - 2 changes detected
2025-12-15 12:46:31,803 - watchfiles.main - INFO - 2 changes detected
2025-12-15 12:46:32,155 - watchfiles.main - INFO - 2 changes detected
2025-12-15 12:46:32,506 - watchfiles.main - INFO - 2 changes detected
2025-12-15 12:46:32,858 - watchfiles.main - INFO - 2 changes detected
2025-12-15 12:46:33,210 - watchfiles.main - INFO - 2 changes detected
2025-12-15 12:46:33,561 - watchfiles.main - INFO - 2 changes detected
2025-12-15 12:46:33,912 - watchfiles.main - INFO - 2 changes detected
2025-12-15 12:46:34,264 - watchfiles.main - INFO - 2 changes detected
2025-12-15 12:46:34,615 - watchfiles.main - INFO - 2 changes detected
2025-12-15 12:46:34,967 - watchfiles.main - INFO - 2 changes detected
2025-12-15 12:46:35,319 - watchfiles.main - INFO - 2 changes detected
2025-12-15 12:46:35,670 - watchfiles.main - INFO - 2 changes detected
2025-12-15 12:46:36,022 - watchfiles.main - INFO - 2 changes detected
2025-12-15 12:46:36,373 - watchfiles.main - INFO - 2 changes detected
2025-12-15 12:46:36,724 - watchfiles.main - INFO - 2 changes detected
2025-12-15 12:46:37,075 - watchfiles.main - INFO - 2 changes detected
2025-12-15 12:46:37,426 - watchfiles.main - INFO - 2 changes detected
2025-12-15 12:46:37,778 - watchfiles.main - INFO - 2 changes detected
2025-12-15 12:46:38,129 - watchfiles.main - INFO - 2 changes detected
2025-12-15 12:46:38,482 - watchfiles.main - INFO - 2 changes detected
2025-12-15 12:46:38,834 - watchfiles.main - INFO - 2 changes detected
2025-12-15 12:46:39,185 - watchfiles.main - INFO - 2 changes detected
2025-12-15 12:46:39,536 - watchfiles.main - INFO - 2 changes detected
2025-12-15 12:46:39,887 - watchfiles.main - INFO - 2 changes detected
2025-12-15 12:46:40,239 - watchfiles.main - INFO - 2 changes detected
2025-12-15 12:46:40,591 - watchfiles.main - INFO - 2 changes detected
2025-12-15 12:46:40,942 - watchfiles.main - INFO - 2 changes detected
2025-12-15 12:46:41,293 - watchfiles.main - INFO - 2 changes detected
2025-12-15 12:46:41,646 - watchfiles.main - INFO - 2 changes detected
2025-12-15 12:46:41,999 - watchfiles.main - INFO - 2 changes detected
2025-12-15 12:46:42,351 - watchfiles.main - INFO - 2 changes detected
2025-12-15 12:46:42,703 - watchfiles.main - INFO - 2 changes detected
2025-12-15 12:46:43,055 - watchfiles.main - INFO - 2 changes detected
2025-12-15 12:46:43,406 - watchfiles.main - INFO - 2 changes detected
2025-12-15 12:46:43,759 - watchfiles.main - INFO - 2 changes detected
2025-12-15 12:46:44,111 - watchfiles.main - INFO - 2 changes detected
2025-12-15 12:46:44,462 - watchfiles.main - INFO - 2 changes detected
2025-12-15 12:46:44,814 - watchfiles.main - INFO - 2 changes detected
2025-12-15 12:46:45,169 - watchfiles.main - INFO - 2 changes detected
2025-12-15 12:46:45,523 - watchfiles.main - INFO - 2 changes detected
2025-12-15 12:46:45,875 - watchfiles.main - INFO - 3 changes detected
2025-12-15 12:46:46,064 - main - INFO - 🛑 Shutting down AI Receptionist application...
2025-12-15 12:46:46,064 - database.mongo_config - INFO - Closing MongoDB connection...
2025-12-15 12:46:46,070 - database.mongo_config - INFO - ✅ MongoDB connection closed
2025-12-15 12:46:46,071 - main - INFO - ✅ Application shutdown complete!
2025-12-15 12:46:47,462 - watchfiles.main - INFO - 2 changes detected
2025-12-15 12:46:47,814 - watchfiles.main - INFO - 2 changes detected
2025-12-15 12:46:48,165 - watchfiles.main - INFO - 2 changes detected
2025-12-15 12:46:48,516 - watchfiles.main - INFO - 2 changes detected
2025-12-15 12:46:48,867 - watchfiles.main - INFO - 2 changes detected
2025-12-15 12:46:49,219 - watchfiles.main - INFO - 2 changes detected
2025-12-15 12:46:49,570 - watchfiles.main - INFO - 5 changes detected
2025-12-15 12:46:49,922 - watchfiles.main - INFO - 2 changes detected
2025-12-15 12:46:50,274 - watchfiles.main - INFO - 2 changes detected
2025-12-15 12:46:50,625 - watchfiles.main - INFO - 2 changes detected
2025-12-15 12:46:50,976 - watchfiles.main - INFO - 2 changes detected
2025-12-15 12:46:51,328 - watchfiles.main - INFO - 2 changes detected
2025-12-15 12:46:51,679 - watchfiles.main - INFO - 2 changes detected
2025-12-15 12:46:52,030 - watchfiles.main - INFO - 2 changes detected
2025-12-15 12:46:52,382 - watchfiles.main - INFO - 2 changes detected
2025-12-15 12:46:52,733 - watchfiles.main - INFO - 2 changes detected
2025-12-15 12:46:53,085 - watchfiles.main - INFO - 2 changes detected
2025-12-15 12:46:53,436 - watchfiles.main - INFO - 2 changes detected
2025-12-15 12:46:53,788 - watchfiles.main - INFO - 2 changes detected
2025-12-15 12:46:54,139 - watchfiles.main - INFO - 2 changes detected
2025-12-15 12:46:54,491 - watchfiles.main - INFO - 2 changes detected
2025-12-15 12:46:54,842 - watchfiles.main - INFO - 2 changes detected
2025-12-15 12:46:55,194 - watchfiles.main - INFO - 2 changes detected
2025-12-15 12:46:55,546 - watchfiles.main - INFO - 2 changes detected
2025-12-15 12:46:55,897 - watchfiles.main - INFO - 2 changes detected
2025-12-15 12:46:56,249 - watchfiles.main - INFO - 2 changes detected
2025-12-15 12:46:56,601 - watchfiles.main - INFO - 2 changes detected
2025-12-15 12:46:56,953 - watchfiles.main - INFO - 2 changes detected
2025-12-15 12:46:57,304 - watchfiles.main - INFO - 2 changes detected
2025-12-15 12:46:57,656 - watchfiles.main - INFO - 2 changes detected
2025-12-15 12:46:58,006 - watchfiles.main - INFO - 2 changes detected
2025-12-15 12:46:58,358 - watchfiles.main - INFO - 2 changes detected
2025-12-15 12:46:58,709 - watchfiles.main - INFO - 2 changes detected
2025-12-15 12:46:59,061 - watchfiles.main - INFO - 2 changes detected
2025-12-15 12:46:59,412 - watchfiles.main - INFO - 2 changes detected
2025-12-15 12:46:59,764 - watchfiles.main - INFO - 2 changes detected
2025-12-15 12:47:00,115 - watchfiles.main - INFO - 2 changes detected
2025-12-15 12:47:00,467 - watchfiles.main - INFO - 2 changes detected
2025-12-15 12:47:00,818 - watchfiles.main - INFO - 2 changes detected
2025-12-15 12:47:01,169 - watchfiles.main - INFO - 2 changes detected
2025-12-15 12:47:01,521 - watchfiles.main - INFO - 2 changes detected
2025-12-15 12:47:01,873 - watchfiles.main - INFO - 2 changes detected
2025-12-15 12:47:02,226 - watchfiles.main - INFO - 2 changes detected
2025-12-15 12:47:02,577 - watchfiles.main - INFO - 2 changes detected
2025-12-15 12:47:02,928 - watchfiles.main - INFO - 2 changes detected
2025-12-15 12:47:03,279 - watchfiles.main - INFO - 2 changes detected
2025-12-15 12:47:03,633 - watchfiles.main - INFO - 2 changes detected
2025-12-15 12:47:03,985 - watchfiles.main - INFO - 2 changes detected
2025-12-15 12:47:04,336 - watchfiles.main - INFO - 2 changes detected
2025-12-15 12:47:04,688 - watchfiles.main - INFO - 2 changes detected
2025-12-15 12:47:05,039 - watchfiles.main - INFO - 2 changes detected
2025-12-15 12:47:05,390 - watchfiles.main - INFO - 2 changes detected
2025-12-15 12:47:05,742 - watchfiles.main - INFO - 2 changes detected
2025-12-15 12:47:06,128 - watchfiles.main - INFO - 2 changes detected
2025-12-15 12:47:06,479 - watchfiles.main - INFO - 2 changes detected
2025-12-15 12:47:06,830 - watchfiles.main - INFO - 2 changes detected
2025-12-15 12:47:07,182 - watchfiles.main - INFO - 2 changes detected
2025-12-15 12:47:07,534 - watchfiles.main - INFO - 2 changes detected
2025-12-15 12:47:07,885 - watchfiles.main - INFO - 2 changes detected
2025-12-15 12:47:08,236 - watchfiles.main - INFO - 2 changes detected
2025-12-15 12:47:08,588 - watchfiles.main - INFO - 2 changes detected
2025-12-15 12:47:08,939 - watchfiles.main - INFO - 2 changes detected
2025-12-15 12:47:09,290 - watchfiles.main - INFO - 2 changes detected
2025-12-15 12:47:09,642 - watchfiles.main - INFO - 2 changes detected
2025-12-15 12:47:09,993 - watchfiles.main - INFO - 2 changes detected
2025-12-15 12:47:10,345 - watchfiles.main - INFO - 2 changes detected
2025-12-15 12:47:10,697 - watchfiles.main - INFO - 2 changes detected
2025-12-15 12:47:11,049 - watchfiles.main - INFO - 2 changes detected
2025-12-15 12:47:11,400 - watchfiles.main - INFO - 2 changes detected
2025-12-15 12:47:11,752 - watchfiles.main - INFO - 2 changes detected
2025-12-15 12:47:12,107 - watchfiles.main - INFO - 2 changes detected
2025-12-15 12:47:12,459 - watchfiles.main - INFO - 2 changes detected
2025-12-15 12:47:12,811 - watchfiles.main - INFO - 2 changes detected
2025-12-15 12:47:13,163 - watchfiles.main - INFO - 2 changes detected
2025-12-15 12:47:13,516 - watchfiles.main - INFO - 2 changes detected
2025-12-15 12:47:13,868 - watchfiles.main - INFO - 2 changes detected
2025-12-15 12:47:14,219 - watchfiles.main - INFO - 2 changes detected
2025-12-15 12:47:14,571 - watchfiles.main - INFO - 2 changes detected
2025-12-15 12:47:14,922 - watchfiles.main - INFO - 2 changes detected
2025-12-15 12:47:15,274 - watchfiles.main - INFO - 2 changes detected
2025-12-15 12:47:15,625 - watchfiles.main - INFO - 2 changes detected
2025-12-15 12:47:15,978 - watchfiles.main - INFO - 2 changes detected
2025-12-15 12:47:16,330 - watchfiles.main - INFO - 2 changes detected
2025-12-15 12:47:16,682 - watchfiles.main - INFO - 2 changes detected
2025-12-15 12:47:17,033 - watchfiles.main - INFO - 2 changes detected
2025-12-15 12:47:17,385 - watchfiles.main - INFO - 2 changes detected
2025-12-15 12:47:17,737 - watchfiles.main - INFO - 2 changes detected
2025-12-15 12:47:18,089 - watchfiles.main - INFO - 2 changes detected
2025-12-15 12:47:18,440 - watchfiles.main - INFO - 2 changes detected
2025-12-15 12:47:18,792 - watchfiles.main - INFO - 2 changes detected
2025-12-15 12:47:19,143 - watchfiles.main - INFO - 2 changes detected
2025-12-15 12:47:19,496 - watchfiles.main - INFO - 2 changes detected
2025-12-15 12:47:19,847 - watchfiles.main - INFO - 2 changes detected
2025-12-15 12:47:20,199 - watchfiles.main - INFO - 2 changes detected
2025-12-15 12:47:20,551 - watchfiles.main - INFO - 2 changes detected
2025-12-15 12:47:20,902 - watchfiles.main - INFO - 2 changes detected
2025-12-15 12:47:21,254 - watchfiles.main - INFO - 2 changes detected
2025-12-15 12:47:21,604 - watchfiles.main - INFO - 2 changes detected
2025-12-15 12:47:21,956 - watchfiles.main - INFO - 2 changes detected
2025-12-15 12:47:22,307 - watchfiles.main - INFO - 2 changes detected
2025-12-15 12:47:22,659 - watchfiles.main - INFO - 2 changes detected
2025-12-15 12:47:23,011 - watchfiles.main - INFO - 2 changes detected
2025-12-15 12:47:23,363 - watchfiles.main - INFO - 2 changes detected
2025-12-15 12:47:23,716 - watchfiles.main - INFO - 2 changes detected
2025-12-15 12:47:24,068 - watchfiles.main - INFO - 2 changes detected
2025-12-15 12:47:24,421 - watchfiles.main - INFO - 2 changes detected
2025-12-15 12:47:24,774 - watchfiles.main - INFO - 2 changes detected
2025-12-15 12:47:25,125 - watchfiles.main - INFO - 2 changes detected
2025-12-15 12:47:25,477 - watchfiles.main - INFO - 2 changes detected
2025-12-15 12:47:25,829 - watchfiles.main - INFO - 2 changes detected
2025-12-15 12:47:26,180 - watchfiles.main - INFO - 2 changes detected
2025-12-15 12:47:26,531 - watchfiles.main - INFO - 2 changes detected
2025-12-15 12:47:26,883 - watchfiles.main - INFO - 2 changes detected
2025-12-15 12:47:27,236 - watchfiles.main - INFO - 2 changes detected
2025-12-15 12:47:27,587 - watchfiles.main - INFO - 2 changes detected
2025-12-15 12:47:27,938 - watchfiles.main - INFO - 2 changes detected
2025-12-15 12:47:28,290 - watchfiles.main - INFO - 2 changes detected
2025-12-15 12:47:28,642 - watchfiles.main - INFO - 2 changes detected
2025-12-15 12:47:28,994 - watchfiles.main - INFO - 2 changes detected
2025-12-15 12:47:29,345 - watchfiles.main - INFO - 2 changes detected
2025-12-15 12:47:29,696 - watchfiles.main - INFO - 2 changes detected
2025-12-15 12:47:30,048 - watchfiles.main - INFO - 2 changes detected
2025-12-15 12:47:30,399 - watchfiles.main - INFO - 2 changes detected
2025-12-15 12:47:30,751 - watchfiles.main - INFO - 2 changes detected
2025-12-15 12:47:31,103 - watchfiles.main - INFO - 2 changes detected
2025-12-15 12:47:31,455 - watchfiles.main - INFO - 2 changes detected
2025-12-15 12:47:31,806 - watchfiles.main - INFO - 2 changes detected
2025-12-15 12:47:32,157 - watchfiles.main - INFO - 2 changes detected
2025-12-15 12:47:32,509 - watchfiles.main - INFO - 2 changes detected
2025-12-15 12:47:32,863 - watchfiles.main - INFO - 2 changes detected
2025-12-15 12:47:33,214 - watchfiles.main - INFO - 2 changes detected
2025-12-15 12:47:33,566 - watchfiles.main - INFO - 2 changes detected
2025-12-15 12:47:33,917 - watchfiles.main - INFO - 2 changes detected
2025-12-15 12:47:34,269 - watchfiles.main - INFO - 2 changes detected
2025-12-15 12:47:34,620 - watchfiles.main - INFO - 2 changes detected
2025-12-15 12:47:34,972 - watchfiles.main - INFO - 2 changes detected
2025-12-15 12:47:35,324 - watchfiles.main - INFO - 2 changes detected
2025-12-15 12:47:35,676 - watchfiles.main - INFO - 2 changes detected
2025-12-15 12:47:36,028 - watchfiles.main - INFO - 2 changes detected
2025-12-15 12:47:36,380 - watchfiles.main - INFO - 2 changes detected
2025-12-15 12:47:36,731 - watchfiles.main - INFO - 2 changes detected
2025-12-15 12:47:37,082 - watchfiles.main - INFO - 2 changes detected
2025-12-15 12:47:37,433 - watchfiles.main - INFO - 2 changes detected
2025-12-15 12:47:37,784 - watchfiles.main - INFO - 2 changes detected
2025-12-15 12:47:38,135 - watchfiles.main - INFO - 2 changes detected
2025-12-15 12:47:38,486 - watchfiles.main - INFO - 2 changes detected
2025-12-15 12:47:38,837 - watchfiles.main - INFO - 2 changes detected
2025-12-15 12:47:39,188 - watchfiles.main - INFO - 2 changes detected
2025-12-15 12:47:39,540 - watchfiles.main - INFO - 2 changes detected
2025-12-15 12:47:39,892 - watchfiles.main - INFO - 2 changes detected
2025-12-15 12:47:40,243 - watchfiles.main - INFO - 2 changes detected
2025-12-15 12:47:40,594 - watchfiles.main - INFO - 2 changes detected
2025-12-15 12:47:40,945 - watchfiles.main - INFO - 2 changes detected
2025-12-15 12:47:41,296 - watchfiles.main - INFO - 2 changes detected
2025-12-15 12:47:41,648 - watchfiles.main - INFO - 2 changes detected
2025-12-15 12:47:41,999 - watchfiles.main - INFO - 2 changes detected
2025-12-15 12:47:42,350 - watchfiles.main - INFO - 2 changes detected
2025-12-15 12:47:42,702 - watchfiles.main - INFO - 2 changes detected
2025-12-15 12:47:43,054 - watchfiles.main - INFO - 2 changes detected
2025-12-15 12:47:43,406 - watchfiles.main - INFO - 2 changes detected
2025-12-15 12:47:43,759 - watchfiles.main - INFO - 2 changes detected
2025-12-15 12:47:44,110 - watchfiles.main - INFO - 2 changes detected
2025-12-15 12:47:44,497 - watchfiles.main - INFO - 2 changes detected
2025-12-15 12:47:44,849 - watchfiles.main - INFO - 2 changes detected
2025-12-15 12:47:45,201 - watchfiles.main - INFO - 2 changes detected
2025-12-15 12:47:45,552 - watchfiles.main - INFO - 2 changes detected
2025-12-15 12:47:45,903 - watchfiles.main - INFO - 2 changes detected
2025-12-15 12:47:46,254 - watchfiles.main - INFO - 2 changes detected
2025-12-15 12:47:46,605 - watchfiles.main - INFO - 2 changes detected
2025-12-15 12:47:46,956 - watchfiles.main - INFO - 2 changes detected
2025-12-15 12:47:47,307 - watchfiles.main - INFO - 2 changes detected
2025-12-15 12:47:47,658 - watchfiles.main - INFO - 2 changes detected
2025-12-15 12:47:48,009 - watchfiles.main - INFO - 2 changes detected
2025-12-15 12:47:48,361 - watchfiles.main - INFO - 2 changes detected
2025-12-15 12:47:48,712 - watchfiles.main - INFO - 2 changes detected
2025-12-15 12:47:49,063 - watchfiles.main - INFO - 2 changes detected
2025-12-15 12:47:49,415 - watchfiles.main - INFO - 2 changes detected
2025-12-15 12:47:49,766 - watchfiles.main - INFO - 2 changes detected
2025-12-15 12:47:50,117 - watchfiles.main - INFO - 2 changes detected
2025-12-15 12:47:50,469 - watchfiles.main - INFO - 2 changes detected
2025-12-15 12:47:50,820 - watchfiles.main - INFO - 2 changes detected
2025-12-15 12:47:51,171 - watchfiles.main - INFO - 2 changes detected
2025-12-15 12:47:51,523 - watchfiles.main - INFO - 2 changes detected
2025-12-15 12:47:51,874 - watchfiles.main - INFO - 2 changes detected
2025-12-15 12:47:52,225 - watchfiles.main - INFO - 2 changes detected
2025-12-15 12:47:52,576 - watchfiles.main - INFO - 2 changes detected
2025-12-15 12:47:52,928 - watchfiles.main - INFO - 2 changes detected
2025-12-15 12:47:53,279 - watchfiles.main - INFO - 2 changes detected
2025-12-15 12:47:53,630 - watchfiles.main - INFO - 2 changes detected
2025-12-15 12:47:53,982 - watchfiles.main - INFO - 2 changes detected
2025-12-15 12:47:54,334 - watchfiles.main - INFO - 2 changes detected
2025-12-15 12:47:54,685 - watchfiles.main - INFO - 2 changes detected
2025-12-15 12:47:55,036 - watchfiles.main - INFO - 2 changes detected
2025-12-15 12:47:55,388 - watchfiles.main - INFO - 2 changes detected
2025-12-15 12:47:55,740 - watchfiles.main - INFO - 2 changes detected
2025-12-15 12:47:56,092 - watchfiles.main - INFO - 2 changes detected
2025-12-15 12:47:56,443 - watchfiles.main - INFO - 2 changes detected
2025-12-15 12:47:56,794 - watchfiles.main - INFO - 2 changes detected
2025-12-15 12:47:57,146 - watchfiles.main - INFO - 2 changes detected
2025-12-15 12:47:57,497 - watchfiles.main - INFO - 2 changes detected
2025-12-15 12:47:57,847 - watchfiles.main - INFO - 2 changes detected
2025-12-15 12:47:58,198 - watchfiles.main - INFO - 2 changes detected
2025-12-15 12:47:58,549 - watchfiles.main - INFO - 2 changes detected
2025-12-15 12:47:58,900 - watchfiles.main - INFO - 2 changes detected
2025-12-15 12:47:59,251 - watchfiles.main - INFO - 2 changes detected
2025-12-15 12:47:59,602 - watchfiles.main - INFO - 2 changes detected
2025-12-15 12:47:59,952 - watchfiles.main - INFO - 2 changes detected
2025-12-15 12:48:00,303 - watchfiles.main - INFO - 2 changes detected
2025-12-15 12:48:00,654 - watchfiles.main - INFO - 2 changes detected
2025-12-15 12:48:01,005 - watchfiles.main - INFO - 2 changes detected
2025-12-15 12:48:01,356 - watchfiles.main - INFO - 2 changes detected
2025-12-15 12:48:01,707 - watchfiles.main - INFO - 2 changes detected
2025-12-15 12:48:02,058 - watchfiles.main - INFO - 2 changes detected
2025-12-15 12:48:02,409 - watchfiles.main - INFO - 2 changes detected
2025-12-15 12:48:02,761 - watchfiles.main - INFO - 2 changes detected
2025-12-15 12:48:03,112 - watchfiles.main - INFO - 2 changes detected
2025-12-15 12:48:03,463 - watchfiles.main - INFO - 2 changes detected
2025-12-15 12:48:03,814 - watchfiles.main - INFO - 2 changes detected
2025-12-15 12:48:04,165 - watchfiles.main - INFO - 3 changes detected
2025-12-15 12:48:04,521 - watchfiles.main - INFO - 2 changes detected
2025-12-15 12:48:04,872 - watchfiles.main - INFO - 2 changes detected
2025-12-15 12:48:05,223 - watchfiles.main - INFO - 2 changes detected
2025-12-15 12:48:05,577 - watchfiles.main - INFO - 2 changes detected
2025-12-15 12:48:05,928 - watchfiles.main - INFO - 2 changes detected
2025-12-15 12:48:06,114 - __mp_main__ - INFO - ✅ Error handling middleware enabled
2025-12-15 12:48:06,114 - __mp_main__ - INFO - ✅ CORS configured for origins: https://aireceptionist-lake.vercel.app, http://127.0.0.1:3000, http://127.0.0.1:5173, https://aireceptionist-lake.vercel.app/, http://localhost:3000, http://localhost:5173
2025-12-15 12:48:06,226 - services.twilio_service - INFO - Twilio service initialized
2025-12-15 12:48:06,279 - watchfiles.main - INFO - 5 changes detected
2025-12-15 12:48:06,347 - services.stripe_service - INFO - 🧪 STRIPE MOCK MODE ENABLED - No real charges will be made
2025-12-15 12:48:06,348 - services.mock_stripe_service - INFO - 🧪 MockStripeService initialized - NO REAL CHARGES WILL BE MADE
2025-12-15 12:48:06,630 - watchfiles.main - INFO - 2 changes detected
2025-12-15 12:48:06,981 - watchfiles.main - INFO - 2 changes detected
2025-12-15 12:48:07,332 - watchfiles.main - INFO - 2 changes detected
2025-12-15 12:48:07,683 - watchfiles.main - INFO - 2 changes detected
2025-12-15 12:48:08,034 - watchfiles.main - INFO - 2 changes detected
2025-12-15 12:48:08,202 - main - INFO - ✅ Error handling middleware enabled
2025-12-15 12:48:08,202 - main - INFO - ✅ CORS configured for origins: https://aireceptionist-lake.vercel.app, http://127.0.0.1:3000, http://127.0.0.1:5173, https://aireceptionist-lake.vercel.app/, http://localhost:3000, http://localhost:5173
2025-12-15 12:48:08,298 - main - INFO - 🚀 Starting AI Receptionist application...
2025-12-15 12:48:08,298 - database.mongo_config - INFO - Connecting to MongoDB at mongodb://localhost:27017/ai_barber_receptionist
2025-12-15 12:48:08,307 - database.mongo_config - INFO - ✅ Successfully connected to MongoDB database: ai_barber_receptionist
2025-12-15 12:48:08,316 - database.mongo_config - INFO - ✅ Database indexes created successfully
2025-12-15 12:48:08,316 - main - INFO - ✅ Error logging system initialized
2025-12-15 12:48:08,316 - main - INFO - ✅ Application startup complete!
2025-12-15 12:48:08,385 - watchfiles.main - INFO - 2 changes detected
2025-12-15 12:48:08,736 - watchfiles.main - INFO - 2 changes detected
2025-12-15 12:48:09,087 - watchfiles.main - INFO - 2 changes detected
2025-12-15 12:48:09,437 - watchfiles.main - INFO - 2 changes detected
2025-12-15 12:48:09,788 - watchfiles.main - INFO - 2 changes detected
2025-12-15 12:48:10,140 - watchfiles.main - INFO - 2 changes detected
2025-12-15 12:48:10,490 - watchfiles.main - INFO - 2 changes detected
2025-12-15 12:48:10,841 - watchfiles.main - INFO - 2 changes detected
2025-12-15 12:48:11,192 - watchfiles.main - INFO - 2 changes detected
2025-12-15 12:48:11,543 - watchfiles.main - INFO - 2 changes detected
2025-12-15 12:48:11,894 - watchfiles.main - INFO - 2 changes detected
2025-12-15 12:48:12,245 - watchfiles.main - INFO - 2 changes detected
2025-12-15 12:48:12,346 - backend.main - INFO - ✅ Error handling middleware enabled
2025-12-15 12:48:12,346 - backend.main - INFO - ✅ CORS configured for origins: https://aireceptionist-lake.vercel.app/, http://localhost:3000, https://aireceptionist-lake.vercel.app, http://localhost:5173, http://127.0.0.1:5173, http://127.0.0.1:3000
2025-12-15 12:48:12,540 - services.twilio_service - INFO - Twilio service initialized
2025-12-15 12:48:12,596 - watchfiles.main - INFO - 2 changes detected
2025-12-15 12:48:12,658 - services.stripe_service - INFO - 🧪 STRIPE MOCK MODE ENABLED - No real charges will be made
2025-12-15 12:48:12,660 - services.mock_stripe_service - INFO - 🧪 MockStripeService initialized - NO REAL CHARGES WILL BE MADE
2025-12-15 12:48:12,948 - watchfiles.main - INFO - 2 changes detected
2025-12-15 12:48:13,299 - watchfiles.main - INFO - 2 changes detected
2025-12-15 12:48:13,650 - watchfiles.main - INFO - 2 changes detected
2025-12-15 12:48:14,001 - watchfiles.main - INFO - 2 changes detected
2025-12-15 12:48:14,353 - watchfiles.main - INFO - 2 changes detected
2025-12-15 12:48:14,703 - watchfiles.main - INFO - 2 changes detected
2025-12-15 12:48:15,054 - watchfiles.main - INFO - 2 changes detected
2025-12-15 12:48:15,406 - watchfiles.main - INFO - 2 changes detected
2025-12-15 12:48:15,757 - watchfiles.main - INFO - 2 changes detected
2025-12-15 12:48:16,108 - watchfiles.main - INFO - 2 changes detected
2025-12-15 12:48:16,459 - watchfiles.main - INFO - 2 changes detected
2025-12-15 12:48:16,810 - watchfiles.main - INFO - 2 changes detected
2025-12-15 12:48:17,161 - watchfiles.main - INFO - 2 changes detected
2025-12-15 12:48:17,512 - watchfiles.main - INFO - 2 changes detected
2025-12-15 12:48:17,863 - watchfiles.main - INFO - 2 changes detected
2025-12-15 12:48:18,214 - watchfiles.main - INFO - 2 changes detected
2025-12-15 12:48:18,565 - watchfiles.main - INFO - 2 changes detected
2025-12-15 12:48:18,918 - watchfiles.main - INFO - 2 changes detected
2025-12-15 12:48:19,271 - watchfiles.main - INFO - 2 changes detected
2025-12-15 12:48:19,622 - watchfiles.main - INFO - 2 changes detected
2025-12-15 12:48:19,973 - watchfiles.main - INFO - 2 changes detected
2025-12-15 12:48:20,324 - watchfiles.main - INFO - 2 changes detected
2025-12-15 12:48:20,675 - watchfiles.main - INFO - 2 changes detected
2025-12-15 12:48:21,026 - watchfiles.main - INFO - 2 changes detected
2025-12-15 12:48:21,376 - watchfiles.main - INFO - 2 changes detected
2025-12-15 12:48:21,727 - watchfiles.main - INFO - 2 changes detected
2025-12-15 12:48:22,078 - watchfiles.main - INFO - 2 changes detected
2025-12-15 12:48:22,429 - watchfiles.main - INFO - 2 changes detected
2025-12-15 12:48:22,780 - watchfiles.main - INFO - 2 changes detected
2025-12-15 12:48:23,131 - watchfiles.main - INFO - 2 changes detected
2025-12-15 12:48:23,482 - watchfiles.main - INFO - 2 changes detected
2025-12-15 12:48:23,833 - watchfiles.main - INFO - 2 changes detected
2025-12-15 12:48:24,184 - watchfiles.main - INFO - 2 changes detected
2025-12-15 12:48:24,535 - watchfiles.main - INFO - 2 changes detected
2025-12-15 12:48:24,886 - watchfiles.main - INFO - 2 changes detected
2025-12-15 12:48:25,237 - watchfiles.main - INFO - 2 changes detected
2025-12-15 12:48:25,588 - watchfiles.main - INFO - 2 changes detected
2025-12-15 12:48:25,939 - watchfiles.main - INFO - 2 changes detected
2025-12-15 12:48:26,291 - watchfiles.main - INFO - 2 changes detected
2025-12-15 12:48:26,643 - watchfiles.main - INFO - 2 changes detected
2025-12-15 12:48:26,995 - watchfiles.main - INFO - 2 changes detected
2025-12-15 12:48:27,346 - watchfiles.main - INFO - 2 changes detected
2025-12-15 12:48:27,697 - watchfiles.main - INFO - 2 changes detected
2025-12-15 12:48:28,048 - watchfiles.main - INFO - 2 changes detected
2025-12-15 12:48:28,399 - watchfiles.main - INFO - 2 changes detected
2025-12-15 12:48:28,750 - watchfiles.main - INFO - 2 changes detected
2025-12-15 12:48:29,101 - watchfiles.main - INFO - 2 changes detected
2025-12-15 12:48:29,452 - watchfiles.main - INFO - 2 changes detected
2025-12-15 12:48:29,803 - watchfiles.main - INFO - 2 changes detected
2025-12-15 12:48:30,154 - watchfiles.main - INFO - 2 changes detected
2025-12-15 12:48:30,505 - watchfiles.main - INFO - 2 changes detected
2025-12-15 12:48:30,856 - watchfiles.main - INFO - 2 changes detected
2025-12-15 12:48:31,207 - watchfiles.main - INFO - 2 changes detected
2025-12-15 12:48:31,558 - watchfiles.main - INFO - 2 changes detected
2025-12-15 12:48:31,909 - watchfiles.main - INFO - 2 changes detected
2025-12-15 12:48:32,260 - watchfiles.main - INFO - 2 changes detected
2025-12-15 12:48:32,611 - watchfiles.main - INFO - 2 changes detected
2025-12-15 12:48:32,962 - watchfiles.main - INFO - 2 changes detected
2025-12-15 12:48:33,314 - watchfiles.main - INFO - 2 changes detected
2025-12-15 12:48:33,666 - watchfiles.main - INFO - 2 changes detected
2025-12-15 12:48:34,017 - watchfiles.main - INFO - 2 changes detected
2025-12-15 12:48:34,369 - watchfiles.main - INFO - 2 changes detected
2025-12-15 12:48:34,720 - watchfiles.main - INFO - 2 changes detected
2025-12-15 12:48:35,071 - watchfiles.main - INFO - 2 changes detected
2025-12-15 12:48:35,422 - watchfiles.main - INFO - 2 changes detected
2025-12-15 12:48:35,774 - watchfiles.main - INFO - 2 changes detected
2025-12-15 12:48:36,125 - watchfiles.main - INFO - 2 changes detected
2025-12-15 12:48:36,476 - watchfiles.main - INFO - 2 changes detected
2025-12-15 12:48:36,827 - watchfiles.main - INFO - 2 changes detected
2025-12-15 12:48:37,179 - watchfiles.main - INFO - 2 changes detected
2025-12-15 12:48:37,530 - watchfiles.main - INFO - 2 changes detected
2025-12-15 12:48:37,881 - watchfiles.main - INFO - 2 changes detected
2025-12-15 12:48:38,232 - watchfiles.main - INFO - 2 changes detected
2025-12-15 12:48:38,583 - watchfiles.main - INFO - 2 changes detected
2025-12-15 12:48:38,935 - watchfiles.main - INFO - 2 changes detected
2025-12-15 12:48:39,286 - watchfiles.main - INFO - 2 changes detected
2025-12-15 12:48:39,637 - watchfiles.main - INFO - 2 changes detected
2025-12-15 12:48:39,988 - watchfiles.main - INFO - 2 changes detected
2025-12-15 12:48:40,340 - watchfiles.main - INFO - 2 changes detected
2025-12-15 12:48:40,692 - watchfiles.main - INFO - 2 changes detected
2025-12-15 12:48:41,043 - watchfiles.main - INFO - 2 changes detected
2025-12-15 12:48:41,393 - watchfiles.main - INFO - 2 changes detected
2025-12-15 12:48:41,744 - watchfiles.main - INFO - 2 changes detected
2025-12-15 12:48:42,095 - watchfiles.main - INFO - 2 changes detected
2025-12-15 12:48:42,446 - watchfiles.main - INFO - 2 changes detected
2025-12-15 12:48:42,797 - watchfiles.main - INFO - 2 changes detected
2025-12-15 12:48:43,148 - watchfiles.main - INFO - 2 changes detected
2025-12-15 12:48:43,499 - watchfiles.main - INFO - 2 changes detected
2025-12-15 12:48:43,850 - watchfiles.main - INFO - 2 changes detected
2025-12-15 12:48:44,201 - watchfiles.main - INFO - 2 changes detected
2025-12-15 12:48:44,552 - watchfiles.main - INFO - 2 changes detected
2025-12-15 12:48:44,903 - watchfiles.main - INFO - 2 changes detected
2025-12-15 12:48:45,254 - watchfiles.main - INFO - 2 changes detected
2025-12-15 12:48:45,605 - watchfiles.main - INFO - 2 changes detected
2025-12-15 12:48:45,956 - watchfiles.main - INFO - 2 changes detected
2025-12-15 12:48:46,307 - watchfiles.main - INFO - 2 changes detected
2025-12-15 12:48:46,657 - watchfiles.main - INFO - 2 changes detected
2025-12-15 12:48:47,008 - watchfiles.main - INFO - 2 changes detected
2025-12-15 12:48:47,359 - watchfiles.main - INFO - 2 changes detected
2025-12-15 12:48:47,710 - watchfiles.main - INFO - 2 changes detected
2025-12-15 12:48:48,061 - watchfiles.main - INFO - 2 changes detected
2025-12-15 12:48:48,412 - watchfiles.main - INFO - 2 changes detected
2025-12-15 12:48:48,763 - watchfiles.main - INFO - 2 changes detected
2025-12-15 12:48:49,114 - watchfiles.main - INFO - 2 changes detected
2025-12-15 12:48:49,465 - watchfiles.main - INFO - 2 changes detected
2025-12-15 12:48:49,816 - watchfiles.main - INFO - 2 changes detected
2025-12-15 12:48:50,167 - watchfiles.main - INFO - 2 changes detected
2025-12-15 12:48:50,518 - watchfiles.main - INFO - 2 changes detected
2025-12-15 12:48:50,869 - watchfiles.main - INFO - 2 changes detected
2025-12-15 12:48:51,220 - watchfiles.main - INFO - 2 changes detected
2025-12-15 12:48:51,571 - watchfiles.main - INFO - 2 changes detected
2025-12-15 12:48:51,922 - watchfiles.main - INFO - 2 changes detected
2025-12-15 12:48:52,273 - watchfiles.main - INFO - 2 changes detected
2025-12-15 12:48:52,624 - watchfiles.main - INFO - 2 changes detected
2025-12-15 12:48:52,975 - watchfiles.main - INFO - 2 changes detected
2025-12-15 12:48:53,326 - watchfiles.main - INFO - 2 changes detected
2025-12-15 12:48:53,677 - watchfiles.main - INFO - 2 changes detected
2025-12-15 12:48:54,028 - watchfiles.main - INFO - 2 changes detected
2025-12-15 12:48:54,378 - watchfiles.main - INFO - 2 changes detected
2025-12-15 12:48:54,729 - watchfiles.main - INFO - 2 changes detected
2025-12-15 12:48:55,080 - watchfiles.main - INFO - 2 changes detected
2025-12-15 12:48:55,431 - watchfiles.main - INFO - 2 changes detected
2025-12-15 12:48:55,782 - watchfiles.main - INFO - 2 changes detected
2025-12-15 12:48:56,133 - watchfiles.main - INFO - 2 changes detected
2025-12-15 12:48:56,484 - watchfiles.main - INFO - 2 changes detected
2025-12-15 12:48:56,835 - watchfiles.main - INFO - 2 changes detected
2025-12-15 12:48:57,186 - watchfiles.main - INFO - 2 changes detected
2025-12-15 12:48:57,537 - watchfiles.main - INFO - 2 changes detected
2025-12-15 12:48:57,889 - watchfiles.main - INFO - 2 changes detected
2025-12-15 12:48:58,240 - watchfiles.main - INFO - 2 changes detected
2025-12-15 12:48:58,591 - watchfiles.main - INFO - 2 changes detected
2025-12-15 12:48:58,942 - watchfiles.main - INFO - 2 changes detected
2025-12-15 12:48:59,294 - watchfiles.main - INFO - 2 changes detected
2025-12-15 12:48:59,645 - watchfiles.main - INFO - 2 changes detected
2025-12-15 12:48:59,996 - watchfiles.main - INFO - 2 changes detected
2025-12-15 12:49:00,348 - watchfiles.main - INFO - 2 changes detected
2025-12-15 12:49:00,699 - watchfiles.main - INFO - 2 changes detected
2025-12-15 12:49:01,050 - watchfiles.main - INFO - 2 changes detected
2025-12-15 12:49:01,401 - watchfiles.main - INFO - 2 changes detected
2025-12-15 12:49:01,753 - watchfiles.main - INFO - 2 changes detected
2025-12-15 12:49:02,104 - watchfiles.main - INFO - 2 changes detected
2025-12-15 12:49:02,456 - watchfiles.main - INFO - 2 changes detected
2025-12-15 12:49:02,807 - watchfiles.main - INFO - 2 changes detected
2025-12-15 12:49:03,159 - watchfiles.main - INFO - 2 changes detected
2025-12-15 12:49:03,510 - watchfiles.main - INFO - 2 changes detected
2025-12-15 12:49:03,861 - watchfiles.main - INFO - 2 changes detected
2025-12-15 12:49:04,212 - watchfiles.main - INFO - 2 changes detected
2025-12-15 12:49:04,564 - watchfiles.main - INFO - 2 changes detected
2025-12-15 12:49:04,915 - watchfiles.main - INFO - 2 changes detected
2025-12-15 12:49:05,266 - watchfiles.main - INFO - 2 changes detected
2025-12-15 12:49:05,617 - watchfiles.main - INFO - 2 changes detected
2025-12-15 12:49:05,968 - watchfiles.main - INFO - 2 changes detected
2025-12-15 12:49:06,319 - watchfiles.main - INFO - 2 changes detected
2025-12-15 12:49:06,670 - watchfiles.main - INFO - 2 changes detected
2025-12-15 12:49:07,021 - watchfiles.main - INFO - 2 changes detected
2025-12-15 12:49:07,372 - watchfiles.main - INFO - 2 changes detected
2025-12-15 12:49:07,723 - watchfiles.main - INFO - 2 changes detected
2025-12-15 12:49:08,074 - watchfiles.main - INFO - 2 changes detected
2025-12-15 12:49:08,425 - watchfiles.main - INFO - 2 changes detected
2025-12-15 12:49:08,776 - watchfiles.main - INFO - 2 changes detected
2025-12-15 12:49:09,127 - watchfiles.main - INFO - 2 changes detected
2025-12-15 12:49:09,478 - watchfiles.main - INFO - 2 changes detected
2025-12-15 12:49:09,829 - watchfiles.main - INFO - 2 changes detected
2025-12-15 12:49:10,181 - watchfiles.main - INFO - 2 changes detected
2025-12-15 12:49:10,532 - watchfiles.main - INFO - 2 changes detected
2025-12-15 12:49:10,883 - watchfiles.main - INFO - 2 changes detected
2025-12-15 12:49:11,234 - watchfiles.main - INFO - 2 changes detected
2025-12-15 12:49:11,585 - watchfiles.main - INFO - 2 changes detected
2025-12-15 12:49:11,936 - watchfiles.main - INFO - 2 changes detected
2025-12-15 12:49:12,291 - watchfiles.main - INFO - 2 changes detected
2025-12-15 12:49:12,643 - watchfiles.main - INFO - 2 changes detected
2025-12-15 12:49:12,994 - watchfiles.main - INFO - 2 changes detected
2025-12-15 12:49:13,345 - watchfiles.main - INFO - 2 changes detected
2025-12-15 12:49:13,696 - watchfiles.main - INFO - 2 changes detected
2025-12-15 12:49:14,048 - watchfiles.main - INFO - 2 changes detected
2025-12-15 12:49:14,399 - watchfiles.main - INFO - 2 changes detected
2025-12-15 12:49:14,750 - watchfiles.main - INFO - 2 changes detected
2025-12-15 12:49:15,101 - watchfiles.main - INFO - 2 changes detected
2025-12-15 12:49:15,453 - watchfiles.main - INFO - 2 changes detected
2025-12-15 12:49:15,804 - watchfiles.main - INFO - 2 changes detected
2025-12-15 12:49:16,155 - watchfiles.main - INFO - 2 changes detected
2025-12-15 12:49:16,507 - watchfiles.main - INFO - 2 changes detected
2025-12-15 12:49:16,858 - watchfiles.main - INFO - 2 changes detected
2025-12-15 12:49:17,209 - watchfiles.main - INFO - 2 changes detected
2025-12-15 12:49:17,560 - watchfiles.main - INFO - 2 changes detected
2025-12-15 12:49:17,911 - watchfiles.main - INFO - 2 changes detected
2025-12-15 12:49:18,262 - watchfiles.main - INFO - 2 changes detected
2025-12-15 12:49:18,614 - watchfiles.main - INFO - 2 changes detected
2025-12-15 12:49:18,965 - watchfiles.main - INFO - 2 changes detected
2025-12-15 12:49:19,316 - watchfiles.main - INFO - 2 changes detected
2025-12-15 12:49:19,667 - watchfiles.main - INFO - 2 changes detected
2025-12-15 12:49:20,018 - watchfiles.main - INFO - 2 changes detected
2025-12-15 12:49:20,369 - watchfiles.main - INFO - 2 changes detected
2025-12-15 12:49:20,720 - watchfiles.main - INFO - 2 changes detected
2025-12-15 12:49:21,071 - watchfiles.main - INFO - 2 changes detected
2025-12-15 12:49:21,423 - watchfiles.main - INFO - 2 changes detected
2025-12-15 12:49:21,773 - watchfiles.main - INFO - 2 changes detected
2025-12-15 12:49:22,125 - watchfiles.main - INFO - 2 changes detected
2025-12-15 12:49:22,476 - watchfiles.main - INFO - 2 changes detected
2025-12-15 12:49:22,827 - watchfiles.main - INFO - 2 changes detected
2025-12-15 12:49:23,178 - watchfiles.main - INFO - 2 changes detected
2025-12-15 12:49:23,529 - watchfiles.main - INFO - 2 changes detected
2025-12-15 12:49:23,880 - watchfiles.main - INFO - 2 changes detected
2025-12-15 12:49:24,232 - watchfiles.main - INFO - 2 changes detected
2025-12-15 12:49:24,583 - watchfiles.main - INFO - 2 changes detected
2025-12-15 12:49:24,933 - watchfiles.main - INFO - 2 changes detected
2025-12-15 12:49:25,285 - watchfiles.main - INFO - 2 changes detected
2025-12-15 12:49:25,636 - watchfiles.main - INFO - 2 changes detected
2025-12-15 12:49:25,987 - watchfiles.main - INFO - 2 changes detected
2025-12-15 12:49:26,338 - watchfiles.main - INFO - 2 changes detected
2025-12-15 12:49:26,690 - watchfiles.main - INFO - 2 changes detected
2025-12-15 12:49:27,041 - watchfiles.main - INFO - 2 changes detected
2025-12-15 12:49:27,393 - watchfiles.main - INFO - 2 changes detected
2025-12-15 12:49:27,743 - watchfiles.main - INFO - 2 changes detected
2025-12-15 12:49:28,095 - watchfiles.main - INFO - 2 changes detected
2025-12-15 12:49:28,446 - watchfiles.main - INFO - 2 changes detected
2025-12-15 12:49:28,797 - watchfiles.main - INFO - 2 changes detected
2025-12-15 12:49:29,148 - watchfiles.main - INFO - 2 changes detected
2025-12-15 12:49:29,499 - watchfiles.main - INFO - 2 changes detected
2025-12-15 12:49:29,850 - watchfiles.main - INFO - 2 changes detected
2025-12-15 12:49:30,201 - watchfiles.main - INFO - 2 changes detected
2025-12-15 12:49:30,557 - watchfiles.main - INFO - 2 changes detected
2025-12-15 12:49:30,908 - watchfiles.main - INFO - 2 changes detected
2025-12-15 12:49:31,259 - watchfiles.main - INFO - 2 changes detected
2025-12-15 12:49:31,610 - watchfiles.main - INFO - 2 changes detected
2025-12-15 12:49:31,961 - watchfiles.main - INFO - 2 changes detected
2025-12-15 12:49:32,312 - watchfiles.main - INFO - 2 changes detected
2025-12-15 12:49:32,664 - watchfiles.main - INFO - 2 changes detected
2025-12-15 12:49:33,015 - watchfiles.main - INFO - 2 changes detected
2025-12-15 12:49:33,366 - watchfiles.main - INFO - 2 changes detected
2025-12-15 12:49:33,717 - watchfiles.main - INFO - 2 changes detected
2025-12-15 12:49:34,068 - watchfiles.main - INFO - 2 changes detected
2025-12-15 12:49:34,419 - watchfiles.main - INFO - 2 changes detected
2025-12-15 12:49:34,770 - watchfiles.main - INFO - 2 changes detected
2025-12-15 12:49:35,121 - watchfiles.main - INFO - 2 changes detected
2025-12-15 12:49:35,472 - watchfiles.main - INFO - 2 changes detected
2025-12-15 12:49:35,827 - watchfiles.main - INFO - 2 changes detected
2025-12-15 12:49:36,178 - watchfiles.main - INFO - 2 changes detected
2025-12-15 12:49:36,529 - watchfiles.main - INFO - 2 changes detected
2025-12-15 12:49:36,881 - watchfiles.main - INFO - 2 changes detected
2025-12-15 12:49:37,232 - watchfiles.main - INFO - 2 changes detected
2025-12-15 12:49:37,583 - watchfiles.main - INFO - 2 changes detected
2025-12-15 12:49:37,934 - watchfiles.main - INFO - 2 changes detected
2025-12-15 12:49:38,285 - watchfiles.main - INFO - 2 changes detected
2025-12-15 12:49:38,636 - watchfiles.main - INFO - 2 changes detected
2025-12-15 12:49:38,987 - watchfiles.main - INFO - 2 changes detected
2025-12-15 12:49:39,338 - watchfiles.main - INFO - 2 changes detected
2025-12-15 12:49:39,690 - watchfiles.main - INFO - 2 changes detected
2025-12-15 12:49:40,041 - watchfiles.main - INFO - 2 changes detected
2025-12-15 12:49:40,392 - watchfiles.main - INFO - 2 changes detected
2025-12-15 12:49:40,743 - watchfiles.main - INFO - 2 changes detected
2025-12-15 12:49:41,095 - watchfiles.main - INFO - 2 changes detected
2025-12-15 12:49:41,446 - watchfiles.main - INFO - 2 changes detected
2025-12-15 12:49:41,797 - watchfiles.main - INFO - 2 changes detected
2025-12-15 12:49:42,148 - watchfiles.main - INFO - 2 changes detected
2025-12-15 12:49:42,500 - watchfiles.main - INFO - 2 changes detected
2025-12-15 12:49:42,851 - watchfiles.main - INFO - 2 changes detected
2025-12-15 12:49:43,202 - watchfiles.main - INFO - 2 changes detected
2025-12-15 12:49:43,553 - watchfiles.main - INFO - 2 changes detected
2025-12-15 12:49:43,905 - watchfiles.main - INFO - 2 changes detected
2025-12-15 12:49:44,256 - watchfiles.main - INFO - 2 changes detected
2025-12-15 12:49:44,607 - watchfiles.main - INFO - 2 changes detected
2025-12-15 12:49:44,958 - watchfiles.main - INFO - 2 changes detected
2025-12-15 12:49:45,310 - watchfiles.main - INFO - 2 changes detected
2025-12-15 12:49:45,661 - watchfiles.main - INFO - 2 changes detected
2025-12-15 12:49:46,012 - watchfiles.main - INFO - 2 changes detected
2025-12-15 12:49:46,363 - watchfiles.main - INFO - 2 changes detected
2025-12-15 12:49:46,715 - watchfiles.main - INFO - 2 changes detected
2025-12-15 12:49:47,066 - watchfiles.main - INFO - 2 changes detected
2025-12-15 12:49:47,417 - watchfiles.main - INFO - 2 changes detected
2025-12-15 12:49:47,769 - watchfiles.main - INFO - 2 changes detected
2025-12-15 12:49:48,120 - watchfiles.main - INFO - 2 changes detected
2025-12-15 12:49:48,471 - watchfiles.main - INFO - 2 changes detected
2025-12-15 12:49:48,823 - watchfiles.main - INFO - 2 changes detected
2025-12-15 12:49:49,174 - watchfiles.main - INFO - 2 changes detected
2025-12-15 12:49:49,525 - watchfiles.main - INFO - 2 changes detected
2025-12-15 12:49:49,876 - watchfiles.main - INFO - 2 changes detected
2025-12-15 12:49:50,227 - watchfiles.main - INFO - 2 changes detected
2025-12-15 12:49:50,578 - watchfiles.main - INFO - 2 changes detected
2025-12-15 12:49:50,929 - watchfiles.main - INFO - 2 changes detected
2025-12-15 12:49:51,280 - watchfiles.main - INFO - 2 changes detected
2025-12-15 12:49:51,631 - watchfiles.main - INFO - 2 changes detected
2025-12-15 12:49:51,983 - watchfiles.main - INFO - 2 changes detected
2025-12-15 12:49:52,334 - watchfiles.main - INFO - 2 changes detected
2025-12-15 12:49:52,685 - watchfiles.main - INFO - 2 changes detected
2025-12-15 12:49:53,036 - watchfiles.main - INFO - 2 changes detected
2025-12-15 12:49:53,387 - watchfiles.main - INFO - 2 changes detected
2025-12-15 12:49:53,738 - watchfiles.main - INFO - 2 changes detected
2025-12-15 12:49:54,124 - watchfiles.main - INFO - 2 changes detected
2025-12-15 12:49:54,475 - watchfiles.main - INFO - 2 changes detected
2025-12-15 12:49:54,827 - watchfiles.main - INFO - 2 changes detected
2025-12-15 12:49:55,178 - watchfiles.main - INFO - 2 changes detected
2025-12-15 12:49:55,529 - watchfiles.main - INFO - 2 changes detected
2025-12-15 12:49:55,880 - watchfiles.main - INFO - 2 changes detected
2025-12-15 12:49:56,231 - watchfiles.main - INFO - 2 changes detected
2025-12-15 12:49:56,582 - watchfiles.main - INFO - 2 changes detected
2025-12-15 12:49:56,933 - watchfiles.main - INFO - 2 changes detected
2025-12-15 12:49:57,284 - watchfiles.main - INFO - 2 changes detected
2025-12-15 12:49:57,635 - watchfiles.main - INFO - 2 changes detected
2025-12-15 12:49:57,987 - watchfiles.main - INFO - 2 changes detected
2025-12-15 12:49:58,338 - watchfiles.main - INFO - 2 changes detected
2025-12-15 12:49:58,689 - watchfiles.main - INFO - 2 changes detected
2025-12-15 12:49:59,040 - watchfiles.main - INFO - 2 changes detected
2025-12-15 12:49:59,392 - watchfiles.main - INFO - 2 changes detected
2025-12-15 12:49:59,743 - watchfiles.main - INFO - 2 changes detected
2025-12-15 12:50:00,094 - watchfiles.main - INFO - 2 changes detected
2025-12-15 12:50:00,445 - watchfiles.main - INFO - 2 changes detected
2025-12-15 12:50:00,796 - watchfiles.main - INFO - 2 changes detected
2025-12-15 12:50:01,147 - watchfiles.main - INFO - 2 changes detected
2025-12-15 12:50:01,499 - watchfiles.main - INFO - 2 changes detected
2025-12-15 12:50:01,850 - watchfiles.main - INFO - 2 changes detected
2025-12-15 12:50:02,201 - watchfiles.main - INFO - 2 changes detected
2025-12-15 12:50:02,552 - watchfiles.main - INFO - 2 changes detected
2025-12-15 12:50:02,903 - watchfiles.main - INFO - 2 changes detected
2025-12-15 12:50:03,254 - watchfiles.main - INFO - 2 changes detected
2025-12-15 12:50:03,609 - watchfiles.main - INFO - 2 changes detected
2025-12-15 12:50:03,960 - watchfiles.main - INFO - 2 changes detected
2025-12-15 12:50:04,311 - watchfiles.main - INFO - 2 changes detected
2025-12-15 12:50:04,662 - watchfiles.main - INFO - 2 changes detected
2025-12-15 12:50:05,013 - watchfiles.main - INFO - 2 changes detected
2025-12-15 12:50:05,365 - watchfiles.main - INFO - 2 changes detected
2025-12-15 12:50:05,716 - watchfiles.main - INFO - 2 changes detected
2025-12-15 12:50:06,067 - watchfiles.main - INFO - 2 changes detected
2025-12-15 12:50:06,418 - watchfiles.main - INFO - 2 changes detected
2025-12-15 12:50:06,769 - watchfiles.main - INFO - 2 changes detected
2025-12-15 12:50:07,120 - watchfiles.main - INFO - 2 changes detected
2025-12-15 12:50:07,471 - watchfiles.main - INFO - 2 changes detected
2025-12-15 12:50:07,822 - watchfiles.main - INFO - 2 changes detected
2025-12-15 12:50:08,174 - watchfiles.main - INFO - 2 changes detected
2025-12-15 12:50:08,525 - watchfiles.main - INFO - 2 changes detected
2025-12-15 12:50:08,876 - watchfiles.main - INFO - 2 changes detected
2025-12-15 12:50:09,226 - watchfiles.main - INFO - 2 changes detected
2025-12-15 12:50:09,577 - watchfiles.main - INFO - 2 changes detected
2025-12-15 12:50:09,928 - watchfiles.main - INFO - 2 changes detected
2025-12-15 12:50:10,279 - watchfiles.main - INFO - 2 changes detected
2025-12-15 12:50:10,631 - watchfiles.main - INFO - 2 changes detected
2025-12-15 12:50:10,982 - watchfiles.main - INFO - 2 changes detected
2025-12-15 12:50:11,333 - watchfiles.main - INFO - 2 changes detected
2025-12-15 12:50:11,684 - watchfiles.main - INFO - 2 changes detected
2025-12-15 12:50:12,036 - watchfiles.main - INFO - 2 changes detected
2025-12-15 12:50:12,387 - watchfiles.main - INFO - 2 changes detected
2025-12-15 12:50:12,738 - watchfiles.main - INFO - 2 changes detected
2025-12-15 12:50:13,089 - watchfiles.main - INFO - 2 changes detected
2025-12-15 12:50:13,440 - watchfiles.main - INFO - 2 changes detected
2025-12-15 12:50:13,791 - watchfiles.main - INFO - 2 changes detected
2025-12-15 12:50:14,142 - watchfiles.main - INFO - 2 changes detected
2025-12-15 12:50:14,493 - watchfiles.main - INFO - 2 changes detected
2025-12-15 12:50:14,844 - watchfiles.main - INFO - 2 changes detected
2025-12-15 12:50:15,195 - watchfiles.main - INFO - 2 changes detected
2025-12-15 12:50:15,546 - watchfiles.main - INFO - 2 changes detected
2025-12-15 12:50:15,897 - watchfiles.main - INFO - 2 changes detected
2025-12-15 12:50:16,249 - watchfiles.main - INFO - 2 changes detected
2025-12-15 12:50:16,600 - watchfiles.main - INFO - 2 changes detected
2025-12-15 12:50:16,951 - watchfiles.main - INFO - 2 changes detected
2025-12-15 12:50:17,338 - watchfiles.main - INFO - 2 changes detected
2025-12-15 12:50:17,690 - watchfiles.main - INFO - 2 changes detected
2025-12-15 12:50:18,041 - watchfiles.main - INFO - 2 changes detected
2025-12-15 12:50:18,393 - watchfiles.main - INFO - 2 changes detected
2025-12-15 12:50:18,744 - watchfiles.main - INFO - 2 changes detected
2025-12-15 12:50:19,095 - watchfiles.main - INFO - 2 changes detected
2025-12-15 12:50:19,446 - watchfiles.main - INFO - 2 changes detected
2025-12-15 12:50:19,797 - watchfiles.main - INFO - 2 changes detected
2025-12-15 12:50:20,148 - watchfiles.main - INFO - 2 changes detected
2025-12-15 12:50:20,499 - watchfiles.main - INFO - 2 changes detected
2025-12-15 12:50:20,850 - watchfiles.main - INFO - 2 changes detected
2025-12-15 12:50:21,202 - watchfiles.main - INFO - 2 changes detected
2025-12-15 12:50:21,553 - watchfiles.main - INFO - 2 changes detected
2025-12-15 12:50:21,904 - watchfiles.main - INFO - 2 changes detected
2025-12-15 12:50:22,255 - watchfiles.main - INFO - 2 changes detected
2025-12-15 12:50:22,606 - watchfiles.main - INFO - 2 changes detected
2025-12-15 12:50:22,957 - watchfiles.main - INFO - 2 changes detected
2025-12-15 12:50:23,308 - watchfiles.main - INFO - 2 changes detected
2025-12-15 12:50:23,659 - watchfiles.main - INFO - 2 changes detected
2025-12-15 12:50:24,010 - watchfiles.main - INFO - 2 changes detected
2025-12-15 12:50:24,361 - watchfiles.main - INFO - 2 changes detected
2025-12-15 12:50:24,712 - watchfiles.main - INFO - 2 changes detected
2025-12-15 12:50:25,063 - watchfiles.main - INFO - 2 changes detected
2025-12-15 12:50:25,414 - watchfiles.main - INFO - 2 changes detected
2025-12-15 12:50:25,766 - watchfiles.main - INFO - 2 changes detected
2025-12-15 12:50:26,117 - watchfiles.main - INFO - 2 changes detected
2025-12-15 12:50:26,467 - watchfiles.main - INFO - 2 changes detected
2025-12-15 12:50:26,818 - watchfiles.main - INFO - 2 changes detected
2025-12-15 12:50:27,170 - watchfiles.main - INFO - 2 changes detected
2025-12-15 12:50:27,521 - watchfiles.main - INFO - 2 changes detected
2025-12-15 12:50:27,872 - watchfiles.main - INFO - 2 changes detected
2025-12-15 12:50:28,223 - watchfiles.main - INFO - 2 changes detected
2025-12-15 12:50:28,574 - watchfiles.main - INFO - 2 changes detected
2025-12-15 12:50:28,925 - watchfiles.main - INFO - 2 changes detected
2025-12-15 12:50:29,277 - watchfiles.main - INFO - 2 changes detected
2025-12-15 12:50:29,628 - watchfiles.main - INFO - 2 changes detected
2025-12-15 12:50:29,979 - watchfiles.main - INFO - 2 changes detected
2025-12-15 12:50:30,330 - watchfiles.main - INFO - 2 changes detected
2025-12-15 12:50:30,681 - watchfiles.main - INFO - 2 changes detected
2025-12-15 12:50:31,032 - watchfiles.main - INFO - 2 changes detected
2025-12-15 12:50:31,383 - watchfiles.main - INFO - 2 changes detected
2025-12-15 12:50:31,734 - watchfiles.main - INFO - 2 changes detected
2025-12-15 12:50:32,085 - watchfiles.main - INFO - 2 changes detected
2025-12-15 12:50:32,436 - watchfiles.main - INFO - 2 changes detected
2025-12-15 12:50:32,787 - watchfiles.main - INFO - 2 changes detected
2025-12-15 12:50:33,138 - watchfiles.main - INFO - 2 changes detected
2025-12-15 12:50:33,490 - watchfiles.main - INFO - 2 changes detected
2025-12-15 12:50:33,841 - watchfiles.main - INFO - 2 changes detected
2025-12-15 12:50:34,192 - watchfiles.main - INFO - 2 changes detected
2025-12-15 12:50:34,543 - watchfiles.main - INFO - 2 changes detected
2025-12-15 12:50:34,894 - watchfiles.main - INFO - 2 changes detected
2025-12-15 12:50:35,246 - watchfiles.main - INFO - 2 changes detected
2025-12-15 12:50:35,597 - watchfiles.main - INFO - 2 changes detected
2025-12-15 12:50:35,948 - watchfiles.main - INFO - 2 changes detected
2025-12-15 12:50:36,300 - watchfiles.main - INFO - 2 changes detected
2025-12-15 12:50:36,651 - watchfiles.main - INFO - 2 changes detected
2025-12-15 12:50:37,002 - watchfiles.main - INFO - 2 changes detected
2025-12-15 12:50:37,353 - watchfiles.main - INFO - 2 changes detected
2025-12-15 12:50:37,704 - watchfiles.main - INFO - 2 changes detected
2025-12-15 12:50:38,055 - watchfiles.main - INFO - 2 changes detected
2025-12-15 12:50:38,406 - watchfiles.main - INFO - 2 changes detected
2025-12-15 12:50:38,758 - watchfiles.main - INFO - 2 changes detected
2025-12-15 12:50:39,109 - watchfiles.main - INFO - 2 changes detected
2025-12-15 12:50:39,460 - watchfiles.main - INFO - 2 changes detected
2025-12-15 12:50:39,811 - watchfiles.main - INFO - 2 changes detected
2025-12-15 12:50:40,162 - watchfiles.main - INFO - 2 changes detected
2025-12-15 12:50:40,514 - watchfiles.main - INFO - 2 changes detected
2025-12-15 12:50:40,865 - watchfiles.main - INFO - 2 changes detected
2025-12-15 12:50:41,216 - watchfiles.main - INFO - 2 changes detected
2025-12-15 12:50:41,567 - watchfiles.main - INFO - 2 changes detected
2025-12-15 12:50:41,918 - watchfiles.main - INFO - 2 changes detected
2025-12-15 12:50:42,269 - watchfiles.main - INFO - 2 changes detected
2025-12-15 12:50:42,620 - watchfiles.main - INFO - 2 changes detected
2025-12-15 12:50:42,971 - watchfiles.main - INFO - 2 changes detected
2025-12-15 12:50:43,323 - watchfiles.main - INFO - 2 changes detected
2025-12-15 12:50:43,674 - watchfiles.main - INFO - 2 changes detected
2025-12-15 12:50:44,025 - watchfiles.main - INFO - 2 changes detected
2025-12-15 12:50:44,376 - watchfiles.main - INFO - 2 changes detected
2025-12-15 12:50:44,727 - watchfiles.main - INFO - 2 changes detected
2025-12-15 12:50:45,078 - watchfiles.main - INFO - 2 changes detected
2025-12-15 12:50:45,429 - watchfiles.main - INFO - 2 changes detected
2025-12-15 12:50:45,781 - watchfiles.main - INFO - 2 changes detected
2025-12-15 12:50:46,132 - watchfiles.main - INFO - 2 changes detected
2025-12-15 12:50:46,483 - watchfiles.main - INFO - 2 changes detected
2025-12-15 12:50:46,834 - watchfiles.main - INFO - 2 changes detected
2025-12-15 12:50:47,186 - watchfiles.main - INFO - 2 changes detected
2025-12-15 12:50:47,537 - watchfiles.main - INFO - 2 changes detected
2025-12-15 12:50:47,888 - watchfiles.main - INFO - 2 changes detected
2025-12-15 12:50:48,239 - watchfiles.main - INFO - 2 changes detected
2025-12-15 12:50:48,590 - watchfiles.main - INFO - 2 changes detected
2025-12-15 12:50:48,942 - watchfiles.main - INFO - 2 changes detected
2025-12-15 12:50:49,293 - watchfiles.main - INFO - 2 changes detected
2025-12-15 12:50:49,644 - watchfiles.main - INFO - 2 changes detected
2025-12-15 12:50:49,996 - watchfiles.main - INFO - 2 changes detected
2025-12-15 12:50:50,347 - watchfiles.main - INFO - 2 changes detected
2025-12-15 12:50:50,698 - watchfiles.main - INFO - 2 changes detected
2025-12-15 12:50:51,049 - watchfiles.main - INFO - 2 changes detected
2025-12-15 12:50:51,400 - watchfiles.main - INFO - 2 changes detected
2025-12-15 12:50:51,758 - watchfiles.main - INFO - 2 changes detected
2025-12-15 12:50:52,109 - watchfiles.main - INFO - 2 changes detected
2025-12-15 12:50:52,461 - watchfiles.main - INFO - 2 changes detected
2025-12-15 12:50:52,812 - watchfiles.main - INFO - 2 changes detected
2025-12-15 12:50:53,164 - watchfiles.main - INFO - 2 changes detected
2025-12-15 12:50:53,515 - watchfiles.main - INFO - 2 changes detected
2025-12-15 12:50:53,867 - watchfiles.main - INFO - 2 changes detected
2025-12-15 12:50:54,218 - watchfiles.main - INFO - 2 changes detected
2025-12-15 12:50:54,569 - watchfiles.main - INFO - 2 changes detected
2025-12-15 12:50:54,920 - watchfiles.main - INFO - 2 changes detected
2025-12-15 12:50:55,272 - watchfiles.main - INFO - 2 changes detected
2025-12-15 12:50:55,623 - watchfiles.main - INFO - 2 changes detected
2025-12-15 12:50:55,974 - watchfiles.main - INFO - 2 changes detected
2025-12-15 12:50:56,325 - watchfiles.main - INFO - 2 changes detected
2025-12-15 12:50:56,676 - watchfiles.main - INFO - 2 changes detected
2025-12-15 12:50:57,027 - watchfiles.main - INFO - 2 changes detected
2025-12-15 12:50:57,378 - watchfiles.main - INFO - 2 changes detected
2025-12-15 12:50:57,730 - watchfiles.main - INFO - 2 changes detected
2025-12-15 12:50:58,081 - watchfiles.main - INFO - 2 changes detected
2025-12-15 12:50:58,432 - watchfiles.main - INFO - 2 changes detected
2025-12-15 12:50:58,783 - watchfiles.main - INFO - 2 changes detected
2025-12-15 12:50:59,135 - watchfiles.main - INFO - 2 changes detected
2025-12-15 12:50:59,485 - watchfiles.main - INFO - 2 changes detected
2025-12-15 12:50:59,837 - watchfiles.main - INFO - 2 changes detected
2025-12-15 12:51:00,188 - watchfiles.main - INFO - 2 changes detected
2025-12-15 12:51:00,539 - watchfiles.main - INFO - 2 changes detected
2025-12-15 12:51:00,890 - watchfiles.main - INFO - 2 changes detected
2025-12-15 12:51:01,241 - watchfiles.main - INFO - 2 changes detected
2025-12-15 12:51:01,592 - watchfiles.main - INFO - 2 changes detected
2025-12-15 12:51:01,943 - watchfiles.main - INFO - 2 changes detected
2025-12-15 12:51:02,295 - watchfiles.main - INFO - 2 changes detected
2025-12-15 12:51:02,646 - watchfiles.main - INFO - 2 changes detected
2025-12-15 12:51:02,997 - watchfiles.main - INFO - 2 changes detected
2025-12-15 12:51:03,348 - watchfiles.main - INFO - 2 changes detected
2025-12-15 12:51:03,699 - watchfiles.main - INFO - 2 changes detected
2025-12-15 12:51:04,050 - watchfiles.main - INFO - 2 changes detected
2025-12-15 12:51:04,401 - watchfiles.main - INFO - 2 changes detected
2025-12-15 12:51:04,752 - watchfiles.main - INFO - 2 changes detected
2025-12-15 12:51:05,104 - watchfiles.main - INFO - 2 changes detected
2025-12-15 12:51:05,455 - watchfiles.main - INFO - 2 changes detected
2025-12-15 12:51:05,806 - watchfiles.main - INFO - 2 changes detected
2025-12-15 12:51:06,158 - watchfiles.main - INFO - 2 changes detected
2025-12-15 12:51:06,510 - watchfiles.main - INFO - 2 changes detected
2025-12-15 12:51:06,861 - watchfiles.main - INFO - 2 changes detected
2025-12-15 12:51:07,213 - watchfiles.main - INFO - 2 changes detected
2025-12-15 12:51:07,564 - watchfiles.main - INFO - 2 changes detected
2025-12-15 12:51:07,915 - watchfiles.main - INFO - 2 changes detected
2025-12-15 12:51:08,266 - watchfiles.main - INFO - 2 changes detected
2025-12-15 12:51:08,617 - watchfiles.main - INFO - 2 changes detected
2025-12-15 12:51:08,968 - watchfiles.main - INFO - 2 changes detected
2025-12-15 12:51:09,320 - watchfiles.main - INFO - 2 changes detected
2025-12-15 12:51:09,670 - watchfiles.main - INFO - 2 changes detected
2025-12-15 12:51:10,022 - watchfiles.main - INFO - 2 changes detected
2025-12-15 12:51:10,373 - watchfiles.main - INFO - 2 changes detected
2025-12-15 12:51:10,724 - watchfiles.main - INFO - 2 changes detected
2025-12-15 12:51:11,075 - watchfiles.main - INFO - 2 changes detected
2025-12-15 12:51:11,426 - watchfiles.main - INFO - 2 changes detected
2025-12-15 12:51:11,777 - watchfiles.main - INFO - 2 changes detected
2025-12-15 12:51:12,128 - watchfiles.main - INFO - 2 changes detected
2025-12-15 12:51:12,479 - watchfiles.main - INFO - 2 changes detected
2025-12-15 12:51:12,830 - watchfiles.main - INFO - 2 changes detected
2025-12-15 12:51:13,182 - watchfiles.main - INFO - 2 changes detected
2025-12-15 12:51:13,533 - watchfiles.main - INFO - 2 changes detected
2025-12-15 12:51:13,884 - watchfiles.main - INFO - 2 changes detected
2025-12-15 12:51:14,235 - watchfiles.main - INFO - 2 changes detected
2025-12-15 12:51:14,586 - watchfiles.main - INFO - 2 changes detected
2025-12-15 12:51:14,937 - watchfiles.main - INFO - 2 changes detected
2025-12-15 12:51:15,289 - watchfiles.main - INFO - 2 changes detected
2025-12-15 12:51:15,639 - watchfiles.main - INFO - 2 changes detected
2025-12-15 12:51:15,991 - watchfiles.main - INFO - 2 changes detected
2025-12-15 12:51:16,342 - watchfiles.main - INFO - 2 changes detected
2025-12-15 12:51:16,693 - watchfiles.main - INFO - 2 changes detected
2025-12-15 12:51:17,044 - watchfiles.main - INFO - 2 changes detected
2025-12-15 12:51:17,395 - watchfiles.main - INFO - 2 changes detected
2025-12-15 12:51:17,746 - watchfiles.main - INFO - 2 changes detected
2025-12-15 12:51:18,097 - watchfiles.main - INFO - 2 changes detected
2025-12-15 12:51:18,448 - watchfiles.main - INFO - 2 changes detected
2025-12-15 12:51:18,799 - watchfiles.main - INFO - 2 changes detected
2025-12-15 12:51:19,150 - watchfiles.main - INFO - 2 changes detected
2025-12-15 12:51:19,501 - watchfiles.main - INFO - 2 changes detected
2025-12-15 12:51:19,852 - watchfiles.main - INFO - 2 changes detected
2025-12-15 12:51:20,203 - watchfiles.main - INFO - 2 changes detected
2025-12-15 12:51:20,554 - watchfiles.main - INFO - 2 changes detected
2025-12-15 12:51:20,905 - watchfiles.main - INFO - 2 changes detected
2025-12-15 12:51:21,256 - watchfiles.main - INFO - 2 changes detected
2025-12-15 12:51:21,607 - watchfiles.main - INFO - 2 changes detected
2025-12-15 12:51:21,958 - watchfiles.main - INFO - 2 changes detected
2025-12-15 12:51:22,310 - watchfiles.main - INFO - 2 changes detected
2025-12-15 12:51:22,661 - watchfiles.main - INFO - 2 changes detected
2025-12-15 12:51:23,012 - watchfiles.main - INFO - 2 changes detected
2025-12-15 12:51:23,363 - watchfiles.main - INFO - 2 changes detected
2025-12-15 12:51:23,714 - watchfiles.main - INFO - 2 changes detected
2025-12-15 12:51:24,066 - watchfiles.main - INFO - 2 changes detected
2025-12-15 12:51:24,417 - watchfiles.main - INFO - 2 changes detected
2025-12-15 12:51:24,768 - watchfiles.main - INFO - 2 changes detected
2025-12-15 12:51:25,119 - watchfiles.main - INFO - 2 changes detected
2025-12-15 12:51:25,470 - watchfiles.main - INFO - 2 changes detected
2025-12-15 12:51:25,825 - watchfiles.main - INFO - 2 changes detected
2025-12-15 12:51:26,176 - watchfiles.main - INFO - 2 changes detected
2025-12-15 12:51:26,528 - watchfiles.main - INFO - 2 changes detected
2025-12-15 12:51:26,879 - watchfiles.main - INFO - 2 changes detected
2025-12-15 12:51:27,229 - watchfiles.main - INFO - 2 changes detected
2025-12-15 12:51:27,580 - watchfiles.main - INFO - 2 changes detected
2025-12-15 12:51:27,931 - watchfiles.main - INFO - 2 changes detected
2025-12-15 12:51:28,282 - watchfiles.main - INFO - 2 changes detected
2025-12-15 12:51:28,633 - watchfiles.main - INFO - 2 changes detected
2025-12-15 12:51:28,984 - watchfiles.main - INFO - 2 changes detected
2025-12-15 12:51:29,335 - watchfiles.main - INFO - 2 changes detected
2025-12-15 12:51:29,686 - watchfiles.main - INFO - 2 changes detected
2025-12-15 12:51:30,037 - watchfiles.main - INFO - 2 changes detected
2025-12-15 12:51:30,388 - watchfiles.main - INFO - 2 changes detected
2025-12-15 12:51:30,739 - watchfiles.main - INFO - 2 changes detected
2025-12-15 12:51:31,094 - watchfiles.main - INFO - 2 changes detected
2025-12-15 12:51:31,445 - watchfiles.main - INFO - 2 changes detected
2025-12-15 12:51:31,797 - watchfiles.main - INFO - 2 changes detected
2025-12-15 12:51:32,148 - watchfiles.main - INFO - 2 changes detected
2025-12-15 12:51:32,499 - watchfiles.main - INFO - 2 changes detected
2025-12-15 12:51:32,850 - watchfiles.main - INFO - 2 changes detected
2025-12-15 12:51:33,201 - watchfiles.main - INFO - 2 changes detected
2025-12-15 12:51:33,552 - watchfiles.main - INFO - 2 changes detected
2025-12-15 12:51:33,904 - watchfiles.main - INFO - 2 changes detected
2025-12-15 12:51:34,254 - watchfiles.main - INFO - 2 changes detected
2025-12-15 12:51:34,606 - watchfiles.main - INFO - 2 changes detected
2025-12-15 12:51:34,957 - watchfiles.main - INFO - 2 changes detected
2025-12-15 12:51:35,308 - watchfiles.main - INFO - 2 changes detected
2025-12-15 12:51:35,659 - watchfiles.main - INFO - 2 changes detected
2025-12-15 12:51:36,010 - watchfiles.main - INFO - 2 changes detected
2025-12-15 12:51:36,361 - watchfiles.main - INFO - 2 changes detected
2025-12-15 12:51:36,712 - watchfiles.main - INFO - 2 changes detected
2025-12-15 12:51:37,063 - watchfiles.main - INFO - 2 changes detected
2025-12-15 12:51:37,414 - watchfiles.main - INFO - 2 changes detected
2025-12-15 12:51:37,765 - watchfiles.main - INFO - 2 changes detected
2025-12-15 12:51:38,117 - watchfiles.main - INFO - 2 changes detected
2025-12-15 12:51:38,468 - watchfiles.main - INFO - 2 changes detected
2025-12-15 12:51:38,819 - watchfiles.main - INFO - 2 changes detected
2025-12-15 12:51:39,171 - watchfiles.main - INFO - 2 changes detected
2025-12-15 12:51:39,522 - watchfiles.main - INFO - 2 changes detected
2025-12-15 12:51:39,873 - watchfiles.main - INFO - 2 changes detected
2025-12-15 12:51:40,225 - watchfiles.main - INFO - 2 changes detected
2025-12-15 12:51:40,576 - watchfiles.main - INFO - 2 changes detected
2025-12-15 12:51:40,927 - watchfiles.main - INFO - 2 changes detected
2025-12-15 12:51:41,279 - watchfiles.main - INFO - 2 changes detected
2025-12-15 12:51:41,630 - watchfiles.main - INFO - 2 changes detected
2025-12-15 12:51:41,980 - watchfiles.main - INFO - 2 changes detected
2025-12-15 12:51:42,331 - watchfiles.main - INFO - 2 changes detected
2025-12-15 12:51:42,683 - watchfiles.main - INFO - 2 changes detected
2025-12-15 12:51:42,921 - main - INFO - 🛑 Shutting down AI Receptionist application...
2025-12-15 12:51:42,921 - database.mongo_config - INFO - Closing MongoDB connection...
2025-12-15 13:22:37,467 - backend.main - INFO - ✅ Error handling middleware enabled
2025-12-15 13:22:37,468 - backend.main - INFO - ✅ CORS configured for origins: http://127.0.0.1:5173, http://127.0.0.1:3000, https://aireceptionist-lake.vercel.app/, http://localhost:5173, http://localhost:3000, https://aireceptionist-lake.vercel.app
2025-12-15 13:22:37,603 - services.twilio_service - INFO - Twilio service initialized
2025-12-15 13:22:37,690 - services.stripe_service - INFO - 🧪 STRIPE MOCK MODE ENABLED - No real charges will be made
2025-12-15 13:22:37,692 - services.mock_stripe_service - INFO - 🧪 MockStripeService initialized - NO REAL CHARGES WILL BE MADE
